Candidate Name,Party,Votes,Seat,City,Year
Hamid ul Haq,PTI,79125,2,Peshawar,2013
Moulana Muhammad Saeed Jan,JUI-F,18787,2,Peshawar,2013
Arbab Najeeb Ullah Khan,ANP,12137,2,Peshawar,2013
Arbab Aalamgir Khan,PPP-:P,10666,2,Peshawar,2013
Doctor Muhammad Iqbal Khalil,JI,8020,2,Peshawar,2013
Abdul Bari,PML-N,5159,2,Peshawar,2013
Qazi Saif Ullah Khan,MDM,3477,2,Peshawar,2013
Malik Haider Khan,QWP,2242,2,Peshawar,2013
Intizar Ali Khan Khalil,Independent,577,2,Peshawar,2013
Ishaq Hussain,Independent,448,2,Peshawar,2013
Muhammad Atiq ur Rehman,Independent,419,2,Peshawar,2013
Saleem Khan,Independent,275,2,Peshawar,2013
Iqtidar Ahmad Afridi,Independent,263,2,Peshawar,2013
Khadim Hussain Khalil,Independent,162,2,Peshawar,2013
Muhammad Ibrahim Khalil,Independent,156,2,Peshawar,2013
Aasir Sheraz,Independent,61,2,Peshawar,2013
Safeer Ullah Khalil,Independent,57,2,Peshawar,2013
Gulzar Khan,PTI,55134,4,Peshawar,2013
Nasir Khan Mosazai,PML-N,20412,4,Peshawar,2013
Sabir Hussain Awan,JI,16493,4,Peshawar,2013
Arbab Muhammad Ayub Jan,ANP,15795,4,Peshawar,2013
Arbab Kamal Ahmad,JUI-F,12519,4,Peshawar,2013
Misbah ud Din,PPP-P,12031,4,Peshawar,2013
Aneela Shaheen,Independent,1852,4,Peshawar,2013
Gul Wazir Shaheen,MDM,1519,4,Peshawar,2013
Molana Miraj ud Din Sirkani,JUP-N,1165,4,Peshawar,2013
Mian Abdul Latif,QWP,757,4,Peshawar,2013
Syed Hizar Amin Shah,Independent,392,4,Peshawar,2013
Faiz Muhammad,MQM,261,4,Peshawar,2013
Shaukat Ali Momand,Independent,222,4,Peshawar,2013
Pervez Khattak,PTI,69873,5,Nowshera,2013
Muhammad Daud Khattak,ANP,21185,5,Nowshera,2013
Asif Luqman Qazi,JI,19789,5,Nowshera,2013
Mufti Muhammad Sajjad,JUI-F,14110,5,Nowshera,2013
Pir Zada Nabi Amin,PML-N,11603,5,Nowshera,2013
Engineer Muhammad Tariq Khattak,PPP-P,10144,5,Nowshera,2013
Shahzad Ali Khan,Independent,5526,5,Nowshera,2013
Aziz ud Din Kaka Khel,Independent,982,5,Nowshera,2013
Amjid Hussain,Independent,921,5,Nowshera,2013
Gul Zali Khan,TTP,862,5,Nowshera,2013
Iran Bacha,PPM,483,5,Nowshera,2013
Siraj Muhammad Khan,PTI,54266,6,Nowshera,2013
Syed Zulfiqar Ali Shah,PML-N,34537,6,Nowshera,2013
Masood Abbas Khattak,ANP,20316,6,Nowshera,2013
Molana Hamid ul Haq Haqqani,MDM,11110,6,Nowshera,2013
Major (R) Liaqat Ali Shah Gailani,PPP-P,5121,6,Nowshera,2013
Amin Akber,Independent,3983,6,Nowshera,2013
Mian Shahenshah,Independent,3207,6,Nowshera,2013
Saeed Ullah,Independent,1453,6,Nowshera,2013
Khan Adil Ghaffar Khan Khattak,Independent,920,6,Nowshera,2013
Javed Iqbal,TTP,525,6,Nowshera,2013
Irshad Ali,Independent,408,6,Nowshera,2013
Kamal Shah,PPP-SB,263,6,Nowshera,2013
Iqbal Hussain,Independent,203,6,Nowshera,2013
Aziz Ullah Jan,Independent,0,6,Nowshera,2013
Maulana Muhammad Gohar Shah,JUI-F,53610,7,Charsadda,2013
Fazal Muhammad Khan,PTI,40254,7,Charsadda,2013
Asfandyar Wali Khan,ANP,38264,7,Charsadda,2013
Muhammad Arshid Khan,JI,22664,7,Charsadda,2013
Khanim Ullah,PPP-P,6856,7,Charsadda,2013
Kaleem Akbar Durrani,PML-N,3527,7,Charsadda,2013
Noor Zeb,Independent,1884,7,Charsadda,2013
Ishtiaq Ahmad,MDM,1032,7,Charsadda,2013
Umar Shahzad,Independent,574,7,Charsadda,2013
Nadar Khan,APML,503,7,Charsadda,2013
Sikandar Hayat Khan Sherpao,QWP,-,7,Charsadda,2013
Aftab Ahmad Khan Sherpao,QWP,37044,8,Charsadda,2013
Musammir Shah,JUI-F,33836,8,Charsadda,2013
Jehanzeb Khan Dhakki,PTI,30089,8,Charsadda,2013
Muhammad Taimoor Khan,ANP,15953,8,Charsadda,2013
Abdul Mustaan,JI,11034,8,Charsadda,2013
Waseef Ullah Khan,PPP-P,3848,8,Charsadda,2013
Sajjad Anwar Khan,PML-N,2678,8,Charsadda,2013
Gul Yousaf,Independent,1011,8,Charsadda,2013
Jehangir Khan,PKMAP,929,8,Charsadda,2013
Arbab Hussain,Independent,895,8,Charsadda,2013
Abdul Ali,TTP,594,8,Charsadda,2013
Liaqat Ali,MQM,387,8,Charsadda,2013
Khurshid Ali Khan,PML-Q,360,8,Charsadda,2013
Umara Khan,Independent,299,8,Charsadda,2013
Syed Zakir Shah,APML,183,8,Charsadda,2013
Amir Haider Khan Hoti,ANP,44769,9,Mardan,2013
Nasir Khan Advocate,PTI,42068,9,Mardan,2013
Nawabzada Khawaja Muhammad Khan Hoti,PML-N,32090,9,Mardan,2013
Moulana Shuja Ul Mulk,JUI-F,14427,9,Mardan,2013
Shazia Aurangzeb Khan,PPP-P,7002,9,Mardan,2013
Atta ur Rahman,JI,4578,9,Mardan,2013
Hafiz Muhammad Irfan ud Din,TTP,1493,9,Mardan,2013
Didar Shah,Independent,1211,9,Mardan,2013
Qayum Khan,MQM,293,9,Mardan,2013
Inam Khan Saraf,PML-Q,290,9,Mardan,2013
Yousaf Shah Aaryani,Independent,87,9,Mardan,2013
Ma-us Sama Aryani Advcoate,APML,82,9,Mardan,2013
Ali Muhammad Khan,PTI,46531,10,Mardan,2013
Maulana Muhammad Qasim,JUI-F,39269,10,Mardan,2013
Muhammad Farooq Khan,ANP,19436,10,Mardan,2013
Sultan Muhammad,JI,19107,10,Mardan,2013
Nawabzada Abdul Qadir Khan,PPP-P,15345,10,Mardan,2013
Naseem Muhammad Khan,PML-N,11491,10,Mardan,2013
Muhammad Fayaz,JUP-N,3426,10,Mardan,2013
Abdul Ghaffar Khan Mohmand,QWP,1638,10,Mardan,2013
Qazi Aslam Khan,TTP,724,10,Mardan,2013
Mualana Noor Ul Haq,MQM,170,10,Mardan,2013
Zardali Khan,PML-Q,166,10,Mardan,2013
Yar badshah,APML,160,10,Mardan,2013
Mujahid Ali,PTI,35349,11,Mardan,2013
Imdad Ullah Yousafzai,JUI-F,25705,11,Mardan,2013
Khanzada Khan,PPP-P,23619,11,Mardan,2013
Gul Nawaz Khan,JI,15508,11,Mardan,2013
Sher Afghan Khan,PML-N,12650,11,Mardan,2013
Inayat Khan,ANP,11447,11,Mardan,2013
Muhammad Saleem Khan,TTP,1161,11,Mardan,2013
Syed Amin Shah Bacha,Independent,708,11,Mardan,2013
Ikram Ul haq Khan,PKMAP,653,11,Mardan,2013
Hiammat ali,TIUP,327,11,Mardan,2013
Bakhtiar ali,Independent,268,11,Mardan,2013
Abdul Nazeer,JPP,252,11,Mardan,2013
Wahid Ali Naqshband,JUP-N,220,11,Mardan,2013
Syed Naveed Ali Shah,APML,187,11,Mardan,2013
Nawab Ali,Independent,167,11,Mardan,2013
Omar Ayub Khan,PML-N,117589,19,Haripur,2013
Raja Amer Zaman,PTI,117045,19,Haripur,2013
Pir Syed Alamzeb Shah,JUI-F,19591,19,Haripur,2013
Sardar Muhammad Mushtaq Khan,PPP-P,16234,19,Haripur,2013
Ghulam Nabi,JI,5035,19,Haripur,2013
Major (Rtd) Jameel Ahsan Kiyani,TSH,3674,19,Haripur,2013
Irum Fatima,ANP,3633,19,Haripur,2013
Farooq Shah,Independent,3095,19,Haripur,2013
Faiza Bibi Rasheed,Independent,2486,19,Haripur,2013
Muhammad Riaz Baig,Independent,1300,19,Haripur,2013
Habibullah Khan,MQM,567,19,Haripur,2013
Makhdoom Javid Hashmi,PTI,73692,48,Islamabad,2013
Anjum Aqeel Khan,PML-N,52170,48,Islamabad,2013
Mian Aslam,JI,25010,48,Islamabad,2013
Faisal Sakhi Butt,PPP,9177,48,Islamabad,2013
J Salik,Independent,5038,48,Islamabad,2013
Javidullah Khattak,Independent,1997,48,Islamabad,2013
Muhammad Asghar Khan,MWMP,1123,48,Islamabad,2013
Muhammad Abdullah,PML,733,48,Islamabad,2013
Altaf Hussain Awan Pakistani,Independent,603,48,Islamabad,2013
Alamgir Khan,TI,424,48,Islamabad,2013
Maqbool Masseh Khokhar,Independent,377,48,Islamabad,2013
Main Nadir Sher,Independent,317,48,Islamabad,2013
Tasneem ul Haq Hasni,Independent,281,48,Islamabad,2013
Ayatullah,Independent,257,48,Islamabad,2013
Allama Zaheer Abbass Qadri,Independent,182,48,Islamabad,2013
Malik Aurungzaib Awan,MQM,172,48,Islamabad,2013
Ghulam Shabbir Babar,Independent,151,48,Islamabad,2013
Chaudhary Ghulam Rasool Mehar,Independent,135,48,Islamabad,2013
Syed Ahmad Ali Shah,Independent,128,48,Islamabad,2013
Malik Muhammad Yousif,PPP-Sb,117,48,Islamabad,2013
Gahi Khan,PBP,98,48,Islamabad,2013
Naila Joseph Deyal,CPP,75,48,Islamabad,2013
Muhammad Akbar,PMP,68,48,Islamabad,2013
Muzaffar Ali,Independent,57,48,Islamabad,2013
Sahibzada Ahmad Raza Kasuri,APML,47,48,Islamabad,2013
Syed Zia Gillani,Independent,45,48,Islamabad,2013
Muhamamd Anwar,Independent,43,48,Islamabad,2013
Shahzad Khan Orakzai,ANP,42,48,Islamabad,2013
Muhammad Shahid Abbas,Independent,42,48,Islamabad,2013
Tallat Mehmood Qadri,SIC,39,48,Islamabad,2013
Sardar Naseer Ahmad,PFP,32,48,Islamabad,2013
Salman Yousif Khan,Independent,32,48,Islamabad,2013
Firdous Khan,CPP,30,48,Islamabad,2013
Khawja Khalil Salar,Independent,29,48,Islamabad,2013
Raja Sheraz Ahmad Janjua,Independent,29,48,Islamabad,2013
Raja Fatehyab Khalid Zubair,Independent,29,48,Islamabad,2013
Riaz Haneef Rahi Advocate,Independent,29,48,Islamabad,2013
Muhammad Haroon,Independent,27,48,Islamabad,2013
Asif Nawaz,Independent,24,48,Islamabad,2013
Raza Muhammad,Independent,24,48,Islamabad,2013
Rana Ghulam Farid,Independent,23,48,Islamabad,2013
Muhamamd Babar Arshad Pirzada,Independent,17,48,Islamabad,2013
Muhammad Ismail Kalhor,Independent,15,48,Islamabad,2013
Muhammad Rafiq Awan,Independent,14,48,Islamabad,2013
Chaudhary Muhammad Ali,Independent,13,48,Islamabad,2013
Sardar Aurungzaib Iqbal,Independent,8,48,Islamabad,2013
Khan Tassaduq Hassan,Independent,7,48,Islamabad,2013
Doctor Muhammad Aziz Khan,PAI,7,48,Islamabad,2013
Muhammad Salman Yahya,Independent,7,48,Islamabad,2013
Muhammad Irfan ul Haq Advocate,Independent,7,48,Islamabad,2013
Naeem Chaudhary,Independent,3,48,Islamabad,2013
Malik Iqbal Mehdi Khan,PML-N,116013,63,Jhelum,2013
Mirza Saeed Mehmood Baig,PTI,42805,63,Jhelum,2013
Chaudhary Fawad Hussain,PML-Q,34072,63,Jhelum,2013
Raja Muhammad Afzal Khan,PPP-P,5103,63,Jhelum,2013
Raja Tariq Javid Janjua,JI,2880,63,Jhelum,2013
Adeel Ahmad,TTP,711,63,Jhelum,2013
Zafar Iqbal Mughal,Independent,542,63,Jhelum,2013
Umar Shahid,AML,299,63,Jhelum,2013
Moulana Muhammad Zia ul Haq,JUI-F,240,63,Jhelum,2013
Raja Amir Rasheed,APML,217,63,Jhelum,2013
Mirza Muhammad Jameel Raza,MQM,196,63,Jhelum,2013
Tahir Jamal Mir,Independent,183,63,Jhelum,2013
Agha Syed Sabtain Haidar Sabazwai,ITP,182,63,Jhelum,2013
Sumaira Malik,PML-N,118108,69,Khushab,2013
Umar Aslam Khan,PTI,79885,69,Khushab,2013
Alhaj Malik Zaffar Iqbal Awan,APML,1297,69,Khushab,2013
Malik Nazir Khan Awan,AWP,628,69,Khushab,2013
Ghulam Rasool Sahi,PML-N,129933,75,Faisalabad,2013
Fawad Ahmad Cheema,PTI,49021,75,Faisalabad,2013
Tariq Mahmood Bajwa,PPP-P,9902,75,Faisalabad,2013
Farooq Ahmad Chatha,JI,1495,75,Faisalabad,2013
Pir Syed Tahir Ali Kazmi,Independent,998,75,Faisalabad,2013
Syedah Huma Tehseen,Independent,896,75,Faisalabad,2013
Mian Rehan Maqbool,Independent,518,75,Faisalabad,2013
Syed Ghulam Abul Hassan Shah,Independent,224,75,Faisalabad,2013
Javed Ahmad Chatha,Independent,216,75,Faisalabad,2013
Muhammad Afzal,MQM,191,75,Faisalabad,2013
Faqeer Hussain Faqir,Independent,155,75,Faisalabad,2013
Saeed Javed,Independent,138,75,Faisalabad,2013
Zafar Zulqarnain Sahi,Independent,97,75,Faisalabad,2013
Chauhdary Adnan Mustafa Buttar,Independent,68,75,Faisalabad,2013
Naseer Ahmad Hundal,Independent,68,75,Faisalabad,2013
Muhammad Asghar,Independent,59,75,Faisalabad,2013
Chauhdary Imtiaz Ahmad Larra,Independent,58,75,Faisalabad,2013
Muhammad Aslam,Independent,58,75,Faisalabad,2013
Chauhdary Khawar Shafiq Ahmad,Independent,54,75,Faisalabad,2013
Khalid Farooq Bajwa,Independent,54,75,Faisalabad,2013
Rana Umar Nazir Khan,PML-N,96824,99,Gujranwala,2013
Chaudhary Zulifqar Bhindar,PPP-P,37077,99,Gujranwala,2013
Rana Sajid Ali Shaukat,PTI,20015,99,Gujranwala,2013
Asim Abdullah Virk,Independent,16586,99,Gujranwala,2013
Abdul Rasheed,MDM,2123,99,Gujranwala,2013
Mian Asif Ali,Independent,1944,99,Gujranwala,2013
Ch Muhammad Abdullah Virk,Independent,587,99,Gujranwala,2013
Choudhary Muhammad Fiaz Bhati,Independent,575,99,Gujranwala,2013
Rana Muhammad Ilyas Khan,Independent,502,99,Gujranwala,2013
Muhammad Javed Shaheen,PPP-SB,499,99,Gujranwala,2013
Rizwan Zafar Cheema,Independent,324,99,Gujranwala,2013
Abdul Hammed Sohal,Independent,220,99,Gujranwala,2013
Muhammad Asif Shafique,Independent,218,99,Gujranwala,2013
Saeed Yousaf Bindar,Independent,163,99,Gujranwala,2013
Rana Nazir Hussain,MQM,155,99,Gujranwala,2013
Chaudhary Akhtar Ali Khan,Independent,60,99,Gujranwala,2013
Justice (R) Iftikhar Ahmad Cheema,PML-N,99191,101,Gujranwala,2013
Muhammad Ahmad Chatha,PML-J,59878,101,Gujranwala,2013
Chaudhay Sajid Hussain Chatha,PML-Q,13689,101,Gujranwala,2013
Choudhary Muhammad Shahnawaz Cheema,PTI,11704,101,Gujranwala,2013
Doctor Muhammad Ubaid Ullah Gohar,JI,6846,101,Gujranwala,2013
Muhammad Arshad,Independent,2762,101,Gujranwala,2013
Qazi Arshad Mehmood Quereshi,Independent,981,101,Gujranwala,2013
Muhammad Akhtar Islam Advocate,Independent,689,101,Gujranwala,2013
Muhammad Rafique Abid Alwi,JUI-F,371,101,Gujranwala,2013
Muhammad Khalid Cheema,Independent,292,101,Gujranwala,2013
Chaudhary Zaheer Ahmed Sahi,Independent,287,101,Gujranwala,2013
Hakim Jamil Asghar Khizri,MDM,276,101,Gujranwala,2013
Muhammad Akram Arain Advocate,MQM,236,101,Gujranwala,2013
Malik Abdur Rehman Sadiq,Independent,145,101,Gujranwala,2013
Syed Mukhtar Hussain Shah,APML,83,101,Gujranwala,2013
Mehr Adnan Sarwar Cheema,Independent,52,101,Gujranwala,2013
Nauman Ullah Khan Chatha,Independent,39,101,Gujranwala,2013
Muhammad Ijaz Ahmed Chaudhry,Independent,84008,108,Mandi Bahauddin,2013
Mumtaz Ahmad Tarar,PML-N,73679,108,Mandi Bahauddin,2013
Muhammad Tariq Tarar,PPP-P,29861,108,Mandi Bahauddin,2013
Zafar Ullah Tararr,PTI,25359,108,Mandi Bahauddin,2013
Muhammad Riaz Farooq Sahi,JI,18191,108,Mandi Bahauddin,2013
Sagheer Hussain,TTP,2753,108,Mandi Bahauddin,2013
Adnan Rasool Tararr,Independent,994,108,Mandi Bahauddin,2013
Tahir Nazir,Independent,815,108,Mandi Bahauddin,2013
Afzal Ahmad Gondal,PST,654,108,Mandi Bahauddin,2013
Talat Yasmeen Chaudhry,Independent,445,108,Mandi Bahauddin,2013
Choudhary Muhammad Iqbal Gondal,Independent,403,108,Mandi Bahauddin,2013
Saeed Ahmad,Independent,311,108,Mandi Bahauddin,2013
Chaudhary Husnain Akbar Waraich Advocate,Independent,267,108,Mandi Bahauddin,2013
Rahmaan Ali Tarar,PFP,206,108,Mandi Bahauddin,2013
Shahid Farooq Chaudhry,Independent,185,108,Mandi Bahauddin,2013
Ch Zafar Iqbal Ahmed Ranjha Advocate,MQM,105,108,Mandi Bahauddin,2013
Muhammad Aamir Javed Ranjha,Independent,105,108,Mandi Bahauddin,2013
Khawaja Muhammad Asif,PML-N,92803,110,Sialkot,2013
Muhammad Usman Dar,PTI,71525,110,Sialkot,2013
Arshad Mahmood Baggu,JI,6361,110,Sialkot,2013
Doctor Firdous Ashiq Awan,PPP-P,2195,110,Sialkot,2013
Hakeem Muhammad Tufail,MWM,955,110,Sialkot,2013
Khawaja Muhammad Manshaullah Butt,Independent,667,110,Sialkot,2013
Rana Abdul Qadus Khan,Independent,566,110,Sialkot,2013
Saif Ullah Malik,Independent,517,110,Sialkot,2013
Muhammad Jalil Rao,Independent,514,110,Sialkot,2013
Chaudhary Abdul Hameed,Independent,86,110,Sialkot,2013
Muhammad Riaz Malik,PML-N,103310,118,Lahore,2013
Hamid Zaman,PTI,43570,118,Lahore,2013
Faraz Hashmi,PPP-P,14029,118,Lahore,2013
Hafiz Abdul Wadood Shahid,JUI-F,1534,118,Lahore,2013
Saleem Khan Kakar,PKMAP,841,118,Lahore,2013
Aamir Rashid,PST,686,118,Lahore,2013
Muhammad Saleem Malilk,Independent,469,118,Lahore,2013
Rana Intizar Hussain,ITP,398,118,Lahore,2013
Malik Shukat Mehmood,Independent,346,118,Lahore,2013
Abdul Qayyum Bajwa,TTP,303,118,Lahore,2013
Abdul Majeed,JUP-N,88,118,Lahore,2013
Syed Manzoor Gillani,IP,60,118,Lahore,2013
Hafiz Amjad Ali,QWP,59,118,Lahore,2013
Rana Ahsan Sharafat,Independent,55,118,Lahore,2013
Syed Mazhar Abbas,Independent,46,118,Lahore,2013
Mian Sarfraz Watto,MQM,45,118,Lahore,2013
Nasir Abbas,PFP,45,118,Lahore,2013
Babar Ali,APML,41,118,Lahore,2013
Aslam Zulqarnain Taj,Independent,19,118,Lahore,2013
Doctor Asad Ashraf,Independent,16,118,Lahore,2013
Waleed Ahmad Zaman,Independent,15,118,Lahore,2013
Muhammad Hamza Shehbaz Sharif,PML-N,107707,119,Lahore,2013
Muhammad Madni,PTI,40797,119,Lahore,2013
Malik Sohail,PPP-P,3930,119,Lahore,2013
Hafiz Muhammad Zubair,JUI-F,454,119,Lahore,2013
Aysha Ahad Malik,Independent,339,119,Lahore,2013
Muhammad Iqbal,Independent,132,119,Lahore,2013
Malik Bashir Ahmad Nizami,Independent,113,119,Lahore,2013
Waqar Ahmad,Independent,100,119,Lahore,2013
Muhammad Saeed Anwar,MQM,67,119,Lahore,2013
Doctor Ejaz Ul Haq,Independent,50,119,Lahore,2013
Waqar Uz Zaman,Independent,38,119,Lahore,2013
Malik Hamid Mehmood,APML,26,119,Lahore,2013
Muhammad Azam,QWP,18,119,Lahore,2013
Doctor Qari Ishfaq Ullah,Independent,17,119,Lahore,2013
Muhammad Waris,Independent,16,119,Lahore,2013
Chaudhary Amjad Mehmood,PML-J,14,119,Lahore,2013
Choudhary Muhammad Usman,Independent,13,119,Lahore,2013
Admiral (R) Javeed Iqbal,PFP,9,119,Lahore,2013
Muhammad Nawaz Sharif,PML-N,91666,120,Lahore,2013
Doctor Yasmin Rashid,PTI,52321,120,Lahore,2013
Zubair Kardar,PPP-P,2604,120,Lahore,2013
Moulana Hafiz Sana Ullah,JUI-F,1152,120,Lahore,2013
Hafiz Sulman Butt,JI,952,120,Lahore,2013
Robinson Advocate,Independent,813,120,Lahore,2013
Marghub Hussain Naqvi,Independent,774,120,Lahore,2013
Allama Mujahid Abdul Rasool Khan,PST,631,120,Lahore,2013
Farrukh Habib,Independent,56,120,Lahore,2013
Syed Izzat Yousaf,Independent,41,120,Lahore,2013
Malik Ibrar Aslam Awan,Independent,36,120,Lahore,2013
Doctor Asif Rafique,Independent,35,120,Lahore,2013
Muhammad Pervaiz Jutt,Independent,35,120,Lahore,2013
Gohar Ali Khan,PML-C,33,120,Lahore,2013
Muhammad Rehman Khaokhar alias Raz Rehman,Independent,31,120,Lahore,2013
Syed Nadeem Anjum,Independent,27,120,Lahore,2013
Muhammad Asghar,Independent,27,120,Lahore,2013
Hakim Jamil Asghar Khizri,MDM,22,120,Lahore,2013
Rehana Ahmad,Independent,20,120,Lahore,2013
Syed Shamshad Hussain,Independent,17,120,Lahore,2013
Farooq Azad,Independent,16,120,Lahore,2013
Saria Goga Daughter Goga Pehlwan,APML,12,120,Lahore,2013
Nawab Doctor Ambar Shahzada,AJSP,12,120,Lahore,2013
Haji Muhammad Sharif,Independent,10,120,Lahore,2013
Zahid Javeid Butt Advocate,Independent,8,120,Lahore,2013
Mehar Ishtiaq Ahmad,PML-N,114421,121,Lahore,2013
Barrister Hammad Azhar,PTI,68227,121,Lahore,2013
Aurang Zaib Shafi Barki,PPP-P,5882,121,Lahore,2013
Farid Ahmed Paraccha,JI,2994,121,Lahore,2013
Muhammad Shoaib Khan Niazi,Independent,2503,121,Lahore,2013
Mian Muhammad Asif,JUI-F,1723,121,Lahore,2013
Mian Marghoob Ahmad,Independent,555,121,Lahore,2013
Rana Muhammad Riaz Qadri,PST,313,121,Lahore,2013
Amir Hassan Syed,Independent,234,121,Lahore,2013
Hafiz Muhammad Ijaz Ul Haq Choudhary,Independent,105,121,Lahore,2013
Rana Muhammad Ashraf,MQM,93,121,Lahore,2013
Burhan ud Din,PKMAP,69,121,Lahore,2013
Rehmat Ullah Tunsvi,MDM,69,121,Lahore,2013
Mian Fazal Elahi,Independent,66,121,Lahore,2013
Manzoor Ali Bhatti,TWP,48,121,Lahore,2013
Mehar Muhammad Jehangir Advocate,PML-C,48,121,Lahore,2013
Malik Muhammad Munsif Awan Advocate,PJP,47,121,Lahore,2013
Khuwaja Safwan,Independent,46,121,Lahore,2013
Sheikh Muzaffar Hussain,Independent,44,121,Lahore,2013
Mian Muhammad Saeed Advocate,Independent,30,121,Lahore,2013
Naheed Sultan D/O Jamal Khan,Independent,25,121,Lahore,2013
Hafiz Masood,Independent,23,121,Lahore,2013
Masood Irfan,Independent,23,121,Lahore,2013
Nasir Ali,Independent,19,121,Lahore,2013
Khawaja Tariq Sarfraz,PNP,13,121,Lahore,2013
Muhammad Arshad Khan Niazi,Independent,10,121,Lahore,2013
Begum Shamim Arshad Minhas,AJP,9,121,Lahore,2013
Sardar Ayaz Sadiq,PML-N,93362,122,Lahore,2013
Imran Khan,PTI,84417,122,Lahore,2013
Barrister Mian Amir Hassan,PPP-P,2832,122,Lahore,2013
Shahenaz Laghari,Independent,277,122,Lahore,2013
Waheed Ahmed Khan,TTP,217,122,Lahore,2013
Hafiz Asim Makhdoom,MDM,165,122,Lahore,2013
Muhammad Imran Javaid,PST,133,122,Lahore,2013
Fayaz Nazir,Independent,95,122,Lahore,2013
Muhammad Shakil,Independent,81,122,Lahore,2013
Makhdoom Muhammad Javaid Hashmi,Independent,56,122,Lahore,2013
Muhammad Aslam Rao,Independent,54,122,Lahore,2013
Samia Naz,MQM,49,122,Lahore,2013
Junaid Murtaza,Independent,44,122,Lahore,2013
Muhammad Naeem Mir,Independent,43,122,Lahore,2013
Muhammad Awais Ijaz,Independent,30,122,Lahore,2013
Malik Noor Muhammad Sarfraz Awan Advocate,PJP,29,122,Lahore,2013
Mian Muhammad Liaqat,Independent,15,122,Lahore,2013
Nawab Doctor Ambar Shahzada,AJSP,15,122,Lahore,2013
Touseef ur Rehman Bhatti Advocate,PML-C,10,122,Lahore,2013
Mushtaq Ahmed Bhatti S/O Nazir Ahmed Bhatti,AJP,10,122,Lahore,2013
Muhammad Pervaez Malik,PML-N,126877,123,Lahore,2013
Atif Chaudhary,PTI,40617,123,Lahore,2013
Mian Aziz ur Rehman Chan,PPP-P,3770,123,Lahore,2013
Saad Sultan,JUI-F,593,123,Lahore,2013
Syed Asghar Ali Shah,JUP-N,571,123,Lahore,2013
Rafqat Ali Butt,Independent,319,123,Lahore,2013
Mufti Muhammad Haseeb Qadri,SIC,118,123,Lahore,2013
Haji Muhammad Ahmad,Independent,101,123,Lahore,2013
Mian Abid Sultan,Independent,89,123,Lahore,2013
Alam Zaib Khan,Independent,85,123,Lahore,2013
Mian Rehman Aziz,Independent,85,123,Lahore,2013
Doctor Qari Ashfaq Ullah,Independent,76,123,Lahore,2013
Haji Muhammad Naeem,Independent,70,123,Lahore,2013
Zakia Safdar,Independent,67,123,Lahore,2013
Rizwan Zafar,MQM,55,123,Lahore,2013
Muhammad Imran Chishti,Independent,34,123,Lahore,2013
Babu Asher Jehangir,APML,33,123,Lahore,2013
Syed Aqeel Haider Abbas,Independent,25,123,Lahore,2013
Noshad Hameed,Independent,22,123,Lahore,2013
Muhammad Shakil Shah Gillani,PPP-SB,20,123,Lahore,2013
Admiral (R) Javeed Iqbal,PFP,14,123,Lahore,2013
Masood Ahmad Saeed,QWP,14,123,Lahore,2013
Mrs Saima Ali,Independent,13,123,Lahore,2013
Nawab Dr. Ambar Shahzada,AJSP,7,123,Lahore,2013
Khawaja Saad Rafique,PML-N,123094,125,Lahore,2013
Hamid Khan Advocate,PTI,83190,125,Lahore,2013
Muhammad Naveed Chaudhary,PPP-P,4608,125,Lahore,2013
Hakim Ali Bhatti,Independent,2693,125,Lahore,2013
Adil Raja,Independent,1415,125,Lahore,2013
Mufti Muhammad Tasddaq Hussain,JUP-N,433,125,Lahore,2013
Mian Javaid,Independent,283,125,Lahore,2013
Lt.Col ® Khalid Mehmood,Independent,277,125,Lahore,2013
Chaudhay Saleem Ali,Independent,272,125,Lahore,2013
Chaudhary Allah Ditta Heera,Independent,269,125,Lahore,2013
Faisal Masood,Independent,241,125,Lahore,2013
Zahir ud Din Babar,MDM,223,125,Lahore,2013
Zaib un Nisa,MQM,158,125,Lahore,2013
Mian Abdul Waheed,TTP,145,125,Lahore,2013
Saira Dar,Independent,113,125,Lahore,2013
Pir Javaid Akbar Qadri,Independent,60,125,Lahore,2013
Ali Ahmad Sahib,Independent,40,125,Lahore,2013
Muhammad Jamal Dogar,PST,24,125,Lahore,2013
Muzaffar Ali Bhatti,PML-J,17,125,Lahore,2013
Muhammad Afzal Khokhar,PML-N,122464,128,Lahore,2013
Malik Karamat Ali Khokhar,PTI,78295,128,Lahore,2013
Zahoor Ahmad Watoo,JI,9392,128,Lahore,2013
Muhammad Aslam,PPP-P,3339,128,Lahore,2013
Mian Muhammad Arshad Arian,Independent,1318,128,Lahore,2013
Allah Rakha Waseem,SIC,594,128,Lahore,2013
Syed Anjum Abbas Gillani,Independent,378,128,Lahore,2013
Imran Ali,MWM,314,128,Lahore,2013
Hafiz Qaudrat Ullah Arif Khan,MDM,313,128,Lahore,2013
Irfan Ali,Independent,214,128,Lahore,2013
Syed Aqeel Haider Abbas,Independent,201,128,Lahore,2013
Syed Imran Sultan,APML,179,128,Lahore,2013
Malik Naeem Abbas Khokhar,Independent,151,128,Lahore,2013
Zafar Iqbal Rajput Khokar,PJP,125,128,Lahore,2013
Chaudhary Qasim Asghar Sindhu,Independent,118,128,Lahore,2013
Karim Khan,MQM,90,128,Lahore,2013
Attia Amir,Independent,84,128,Lahore,2013
Muhammad Khalid,Independent,73,128,Lahore,2013
Jamil Asghar Bhatti,Independent,62,128,Lahore,2013
Muhammad Shahzad Anjum,Independent,58,128,Lahore,2013
Omar Chaudhary,Independent,57,128,Lahore,2013
Sarfraz Asghar Bhutta,Independent,56,128,Lahore,2013
Chaudharh Munsif Ali Jutt,Independent,26,128,Lahore,2013
Rana Javaid Omer,Independent,26,128,Lahore,2013
Doctor Malik Zahid Akram Nat,Independent,23,128,Lahore,2013
Chaudhary Amjad Ali Jutt,Independent,18,128,Lahore,2013
Doctor Amir Jalal,Independent,10,128,Lahore,2013
Rai Mansab Ali Khan,PML-N,61291,137,Nankhana,2013
Ijaz Ahmad Shah,Independent,55987,137,Nankhana,2013
Saeed Ahmad Zafar,Independent,22953,137,Nankhana,2013
Shah Jahan Ahmad Bhatti,PPP-P,11997,137,Nankhana,2013
Rai Muhammad Akram Khan Bhatti,PTI,8895,137,Nankhana,2013
Rana Muhammad Aslam Khan,Independent,3261,137,Nankhana,2013
Rai Touseef Ahmad Kharal,Independent,1935,137,Nankhana,2013
Rana Abdul Ghaffar Khan,Independent,862,137,Nankhana,2013
Muhammad Oasim Attari,PST,633,137,Nankhana,2013
Rai Muhammad Khan Kharal,QWP,379,137,Nankhana,2013
Muahammad Imran Ejaz Butt,MQM,341,137,Nankhana,2013
Syed izhar ul Hassan Shah,Independent,168,137,Nankhana,2013
Agha Abbas Raza,Independent,141,137,Nankhana,2013
Urnme Kalsoom Almaroof Bismillah,Independent,75,137,Nankhana,2013
Muhammad Arif Choudhary,PML-N,103382,144,Okara,2013
Shefeeqa Baghum Rao Sikandar iqbal,PPP-P,35970,144,Okara,2013
Rao Khalid Khan,PTI,18933,144,Okara,2013
Muhammad Farooq Sheikh,JI,2216,144,Okara,2013
Fayyaz Ahmed Khan Ghori,Independent,1423,144,Okara,2013
Syed Sajjad Hussain Shah kazmi,APML,1352,144,Okara,2013
Sajid Masieh,Independent,1086,144,Okara,2013
Muhammad Ashraf,Independent,743,144,Okara,2013
Molana Iftikhar Ahmed,MDM,595,144,Okara,2013
Chaudhary Sajjad-ul-Hassan,Independent,442,144,Okara,2013
Rao Abdul Qayyum Khan,Independent,351,144,Okara,2013
Azhar Mahmood Chaudhary,Independent,277,144,Okara,2013
Sahibzada Mian Muhammad Attiq- ur-Rahman,Independent,277,144,Okara,2013
Shafqat Ali Rabbani,Independent,124,144,Okara,2013
Sakhawat Ali,Independent,109,144,Okara,2013
Majar (R) Mahmood Ahmad Gill,Independent,109,144,Okara,2013
Naseer Ahmed Khan Ghori,Independent,94,144,Okara,2013
Fayyaz Ali,MQM,86,144,Okara,2013
Shahzad Kaleem Tahir,Independent,83,144,Okara,2013
Rana Ghulam Raza,JPP,78,144,Okara,2013
Malik Ghulam Qadir,Independent,62,144,Okara,2013
Ali Arif Choudhary,Independent,55,144,Okara,2013
Muhammad Shair Sajid,Independent,50,144,Okara,2013
Khalid Mahmood,Independent,49,144,Okara,2013
Abdul Satter Wahla,Independent,24,144,Okara,2013
Main Rab Nawaz Khan Watto,Independent,22,144,Okara,2013
Paulus Bhatti,Independent,19,144,Okara,2013
Ch Shahid Saleem,Independent,10,144,Okara,2013
Malik Abdul Ghaffar Dogar,PML-N,81748,148,Multan,2013
Makhdoom Shah Mahmood Qureshi,PTI,64719,148,Multan,2013
Syed Ali Musa Gillani,PPP-P,50205,148,Multan,2013
Syed Muhammad Noor ul Din Shah,Independent,2408,148,Multan,2013
Mian Muhammad Ibrahim,JI,766,148,Multan,2013
Mazhar Abbas Kaat,Independent,349,148,Multan,2013
Muhammad Tariq Pachar,MQM,191,148,Multan,2013
Malik Zulfigar Ali Dogar,Independent,164,148,Multan,2013
Zulfiqar Ali,Independent,154,148,Multan,2013
Mubarak Shah Hashmi,Independent,132,148,Multan,2013
Syed Ali Qasim Gillani,Independent,85,148,Multan,2013
Makhdoom Javed Hashmi,PTI,83569,149,Multan,2013
Sheikh Muhammad Tariq Rasheed,PML-N,73861,149,Multan,2013
Malik Muhammad Aamir Dogar,PPP-P,20703,149,Multan,2013
Liaqat Baloch,JI,3794,149,Multan,2013
Sheikh Muhammad Akram,JUP-N,1815,149,Multan,2013
Mian Munir Ahmad Bhatti,Independent,766,149,Multan,2013
Professor Muhammad Amjad Khan,Independent,444,149,Multan,2013
Muhammad Shahid Awami,Independent,423,149,Multan,2013
Ahmad Kamran Thaeem Ansari,SSM,331,149,Multan,2013
Mian Asif Mehmood Akhwani,Independent,269,149,Multan,2013
Ameer Ahmad Awan,PFP,242,149,Multan,2013
Farah Noreen,PSP,235,149,Multan,2013
Tassadaq Waheed Siddiqui,Independent,219,149,Multan,2013
Malik Shabbir Ahmad Khokhar,Independent,204,149,Multan,2013
Nadeem Mumtaz Qureishi,MP,171,149,Multan,2013
Makhdoom Zahid Hussain Shamsi,APML,152,149,Multan,2013
Lt Col (R) Syed Baqir Ahsan,MQM,128,149,Multan,2013
Muhammad Mukhtiyar Hussain Somro,Independent,82,149,Multan,2013
Muhammad Idress Jami,Independent,68,149,Multan,2013
Fahad Ali Khadal,Independent,46,149,Multan,2013
Muhammad Khalid Khan Khakwani,Independent,40,149,Multan,2013
Muhammad Aslam Hance,Independent,38,149,Multan,2013
Muhammad Siddique Ansari,Independent,28,149,Multan,2013
Syed Mujahid Abbas Shah Gardaizi,ITP,26,149,Multan,2013
Muhammad Lateef Ansar Professor Lajpal,IIP,14,149,Multan,2013
Muhammad Yousif Qureshi,Independent,13,149,Multan,2013
Makhdoom Shah Mahmood Hussain Qureshi,PTI,92726,150,Multan,2013
Rana Mehmood ul Hassan,PML-N,79663,150,Multan,2013
Babu Nafees Ahmad Ansari,PPP-P,12208,150,Multan,2013
Mian Muhammad Ramzan Ansari,Independent,2801,150,Multan,2013
Atta ur Rehman,Independent,1806,150,Multan,2013
Doctor Syed Abdul Jabbar Shah,Independent,390,150,Multan,2013
Mirza Furqan All Mughal,Independent,245,150,Multan,2013
Muhammad Ahsan Yousaf Tahir,Independent,241,150,Multan,2013
Hafiz Muhammad Hanif Ansari,MQM,128,150,Multan,2013
Shahzad Salem Khan Mallayzai,Independent,105,150,Multan,2013
Sumera Khurshced urf Poma,Independent,83,150,Multan,2013
Allama Muhammad Yailoob Rizvi,JUP-N,76,150,Multan,2013
Syed Mehr Mohi ud Din Hashmi,PML-F,56,150,Multan,2013
Muhammad Abu Bakar Usman,Independent,54,150,Multan,2013
Malik Muhammad Aslam Dogar,Independent,50,150,Multan,2013
Riaz Ahmad,APML,40,150,Multan,2013
Muhammad Mukhtiar Hussain Soomro,Independent,32,150,Multan,2013
Sultan Mehmood Malik,Independent,27,150,Multan,2013
Muhammad Siddique Khan Baloch,Independent,86046,154,Lodhran,2013
Jhangir Khan Tareen,PTI,75814,154,Lodhran,2013
Syed Muhammad Rafi ul din Bukhari,PML-N,45406,154,Lodhran,2013
Mirza Muhammad Nasir Baig,PPP-P,11155,154,Lodhran,2013
Zia Ur Rehman Tamimi,JUI-F,1590,154,Lodhran,2013
Rao Nadeem lqbal Kharga,Independent,863,154,Lodhran,2013
Mian Muhammad Jamil Khan Perehar,Independent,748,154,Lodhran,2013
Malik Muhammad Sharif Mohana,TTP,653,154,Lodhran,2013
Muhammad Azhar Uhra,Independent,622,154,Lodhran,2013
Rana Salaam Abbas Noon,PSP,599,154,Lodhran,2013
Malik Muhammad Ramzan Cheena,Independent,484,154,Lodhran,2013
Malik Ejaz Ahmed Arain,Independent,339,154,Lodhran,2013
Muhammad Aslam Bukhari,Independent,337,154,Lodhran,2013
Muhammad Nadeem Saglain,Independent,329,154,Lodhran,2013
Muhammad Idress Jami,MQM,285,154,Lodhran,2013
Nazeer Ahmed Rojh,PPP-SB,266,154,Lodhran,2013
Jacab Aftab,Independent,264,154,Lodhran,2013
Chaudhary Waseem Ahmed Advocate,PJP,99,154,Lodhran,2013
Syed Hassan Raza Gillani,APML,85,154,Lodhran,2013
Qasim Mumtaz Khan,Independent,69,154,Lodhran,2013
Malik Zawar Hussain Bhutta,TIP,45,154,Lodhran,2013
Abdul Rahman Khan Kanju,Independent,85376,155,Lodhran,2013
Muhammad Akhtar Khan Kanju,PML-N,60488,155,Lodhran,2013
Nawab Aman Ullah Khan,PTI,42186,155,Lodhran,2013
Rana Muhammad Faraz Noon,PPP-P,22264,155,Lodhran,2013
Hafiz Abul Majeed,Independent,4734,155,Lodhran,2013
Falak Sher,Independent,1177,155,Lodhran,2013
Muhammad Riaz Jutt Boka,Independent,679,155,Lodhran,2013
Muhammad Meraj Ahmad,MQM,659,155,Lodhran,2013
Baqa Muhammad Khan,KMP,440,155,Lodhran,2013
Atta Ullah Awan,Independent,420,155,Lodhran,2013
Kamran Abbas Malik,Independent,211,155,Lodhran,2013
Rana Allah Wasaya Utra,Independent,202,155,Lodhran,2013
Sardar Muhammad Jaffar Khan Leghari,PML-N,100794,174,Rajanpur,2013
Sardar Nasrullah Khan Dreshak,Independent,61204,174,Rajanpur,2013
Khawaja KaIeem ud Din Koreja,PPP-P,25292,174,Rajanpur,2013
Abdul Razzaq Raja,PTI,6825,174,Rajanpur,2013
Khawaja Mohsin Riaz,JI,6371,174,Rajanpur,2013
Sardar Hasnain Bahadur Khan Dreshak,Independent,2249,174,Rajanpur,2013
Sardar Ali Raza Khan Dreshak,Independent,1998,174,Rajanpur,2013
Allama Muhammad Askari,MWM,1194,174,Rajanpur,2013
Sardar Zulfiqar Khan Dreshak,Independent,1012,174,Rajanpur,2013
Muhammad Ikram Qureshi,Independent,696,174,Rajanpur,2013
Rasheed Ahmad Khan l.angha,PSP,577,174,Rajanpur,2013
Saifullah Khan,MQM,410,174,Rajanpur,2013
Sardar Adeel Hassan Khan Gorchani,Independent,359,174,Rajanpur,2013
Mirza Shahbaz,Independent,232,174,Rajanpur,2013
Qari Abdul Majeed,MDM,225,174,Rajanpur,2013
Mehmood Ahmad Naqshbandi,JUP-N,219,174,Rajanpur,2013
Aftab Shahban Mirani,PPP-P,54015,202,Shikarpur,2013
Muhammad Ibrahim Jatoi,NPP,53785,202,Shikarpur,2013
Moulana Abdullah Pahore,JUI-F,26638,202,Shikarpur,2013
Iftikhar Soomro,PTI,2210,202,Shikarpur,2013
Agha Mohammad Munwar,PML-N,1355,202,Shikarpur,2013
Haji Khanwand Bux Khan Pahore,Independent,630,202,Shikarpur,2013
Sakhi Dad Mari,MQM,597,202,Shikarpur,2013
Ghulam Sarwar Arain,Independent,348,202,Shikarpur,2013
Rasool Bux Shah,MWM,251,202,Shikarpur,2013
Agha Farhan Ali,Independent,137,202,Shikarpur,2013
Ameer Ali Jatoi,Independent,109,202,Shikarpur,2013
Naeem Ahmed Khan Jatoi,Independent,102,202,Shikarpur,2013
Rais Ghulam Murtaza Khan Jatoi,NPP,83355,211,Naushero Feroze,2013
Zulfiqar Ali Behan,PPP-P,67224,211,Naushero Feroze,2013
Aftab Ahmed Rajput,MQM,5356,211,Naushero Feroze,2013
Taimour Saleh,Independent,2227,211,Naushero Feroze,2013
Ghulam Shabir Burriro,Independent,1933,211,Naushero Feroze,2013
Allando Shah alias Zafar Ali Shah,Independent,795,211,Naushero Feroze,2013
Rashid Ali,PPP-SB,366,211,Naushero Feroze,2013
Abdul Sattar Mughal,Independent,218,211,Naushero Feroze,2013
Zafar Iqbal,Independent,164,211,Naushero Feroze,2013
Asif Mustafa Jatoi,Independent,135,211,Naushero Feroze,2013
Haji Khan Mashori Adovcate,Independent,52,211,Naushero Feroze,2013
Aziz Ahmed Behan,Independent,51,211,Naushero Feroze,2013
Pir Sayed Ashique Muhyudin Shah,Independent,46,211,Naushero Feroze,2013
Ghulam Mustafa Korai,Independent,33,211,Naushero Feroze,2013
Ghulam Farooque,Independent,21,211,Naushero Feroze,2013
Ali Gohar Kalhoro,Independent,15,211,Naushero Feroze,2013
Muhammad Ameen,Independent,13,211,Naushero Feroze,2013
Mir Muhammad Solangi,Independent,10,211,Naushero Feroze,2013
Makhdoom Muhammad Ameen Fahim,PPP-P,95724,218,Hyderabad,2013
Abdul Razzaque,PML-F,72423,218,Hyderabad,2013
Syed Yasir Ahmad Shah,Independent,2020,218,Hyderabad,2013
Syed Ghulam Shabbir Shah,MQM,1607,218,Hyderabad,2013
Peeral Majeedano,PPP-SB,1384,218,Hyderabad,2013
Imdad Ali Solangi,MDM,1284,218,Hyderabad,2013
Naseer Ahmad Memon,Independent,600,218,Hyderabad,2013
Makhdoom Jalil Zaman,Independent,394,218,Hyderabad,2013
Fazulullah Qazi,Independent,362,218,Hyderabad,2013
Shakeel Ahmed,Independent,280,218,Hyderabad,2013
Makhdoom Jamil Zaman,Independent,161,218,Hyderabad,2013
Doctor Aijaz Ali,JUI-F,73,218,Hyderabad,2013
