"Name","Party","Votes","Seat","City","Year"
"Aftab Ahmad Khan Sherpao","PPP","44658",1,"Peshawar",1988
"Ghulam Ahmad Bilour","ANP","35947",1,"Peshawar",1988
"Muhammad Rafiq","Independent","2335",1,"Peshawar",1988
"Said Anwar","Independent","1826",1,"Peshawar",1988
"Khan Bahadar Khan","PPP","24444",2,"Peshawar",1988
"Arbab Saif-ur-Rehman","ANP","19402",2,"Peshawar",1988
"Rafiq Ahmad Khalil","Independent","10377",2,"Peshawar",1988
"Salim Jan Khalil","JUI","1080",2,"Peshawar",1988
"Muhammad Fayyaz Khalil","ANP-A","1018",2,"Peshawar",1988
"Arbab Muhammad JehangirKhalil","IJI","840",2,"Peshawar",1988
"Sardar Ali Khan","PPP","28408",3,"Peshawar",1988
"Abdul Latif","ANP","24727",3,"Peshawar",1988
"Pirzada Nahi Amin","IJI","23798",3,"Peshawar",1988
"Haji Noor Muhammad","Independent","614",3,"Peshawar",1988
"Arbab Muhammad Zahir(Retired)","Independent","385",3,"Peshawar",1988
"Nisar Khan (Retired)","Independent","244",3,"Peshawar",1988
"Main Muzaffar Shah","PPP","27902",4,"Peshawar",1988
"Ahrar Khattak","ANP","27817",4,"Peshawar",1988
"Maulana Anwar ul Haq","IJI","16439",4,"Peshawar",1988
"Inayatullah Khan","PAI","458",4,"Peshawar",1988
"Dil Aram Khan","Independent","375",4,"Peshawar",1988
"Nasrullah Khan","Independent","127",4,"Peshawar",1988
"Khan Abdul Wali Khan","ANP","63195",5,"Charsadda",1988
"Ihsanullah Khan","IJI","34431",5,"Charsadda",1988
"Muhammad Nisar","Independent","2253",5,"Charsadda",1988
"Tariq Mehmood","Independent","2134",5,"Charsadda",1988
"Haji Muhammad Yaqoob","PPP","46091",6,"Mardan",1988
"Muhammad Azam Khan","ANP","32138",6,"Mardan",1988
"Haji Muhamamd Ahmad","JUI-F","23542",7,"Mardan",1988
"Haji Sarfraz Khan","PPP","22594",7,"Mardan",1988
"Moulana Gohar Rehmad","IJI","13519",7,"Mardan",1988
"Haji Muhamamd Yousif Khan","ANP","13180",7,"Mardan",1988
"Misal Khan","Independent","4361",7,"Mardan",1988
"Muhammad Azhar Khan","PKMP","2946",7,"Mardan",1988
"Haji Abdur Rehman","Independent","1197",7,"Mardan",1988
"Abdul Khaliq Khan","ANP","40257",8,"&#13;
      Complete Result of NA 8 Swabi",1988
"Moulvi Hamadullah","IJI","36959",8,"&#13;
      Complete Result of NA 8 Swabi",1988
"Abdul Mastan","PPP","33604",8,"&#13;
      Complete Result of NA 8 Swabi",1988
"Doctor Iftikhar Ahmad","Independent","2294",8,"&#13;
      Complete Result of NA 8 Swabi",1988
"Arshad Ali Advocate","Independent","1834",8,"&#13;
      Complete Result of NA 8 Swabi",1988
"Moulvi Niamatullah","IJI","30554",9,"Kohat",1988
"Syed Iftikhar Hussain Gillani","PPP","19049",9,"Kohat",1988
"Feroz Khan","Independent","14473",9,"Kohat",1988
"Farooq Shah","ANP","10952",9,"Kohat",1988
"Syed Muhamamd Saqlain","Independent","6232",9,"Kohat",1988
"Khalil-ur-Rehman ( Retired )","Independent","1216",9,"Kohat",1988
"Kazim Ali","Independent","367",9,"Kohat",1988
"Sardar Khan","Independent","351",9,"Kohat",1988
"Amjad Ali Khan ( Retired )","Independent","158",9,"Kohat",1988
"Maulana Shaheed Ahmad","JUI-D","26411",10,"Karak",1988
"Muhammad Aslam Khan Khattak","IJI","19767",10,"Karak",1988
"Muhammad Farooq","ANP","4299",10,"Karak",1988
"Raza Kuli Khan","PAI","670",10,"Karak",1988
"Bakhat Bibi","Independent","644",10,"Karak",1988
"Sabir Badshah","Independent","181",10,"Karak",1988
"Muhammad Yousif Khattak","Independent","111",10,"Karak",1988
"Farid Jadoon","Independent","35805",11,"Abbottabad",1988
"Malik Abdur Rauf","IJI","21236",11,"Abbottabad",1988
"Syed Sultan Ali","PPP","13845",11,"Abbottabad",1988
"Air Marshal (R) Muhammad 
Asghar Khan","PAI","10891",11,"Abbottabad",1988
"Syed Amir Ali Shah","Independent","4225",11,"Abbottabad",1988
"Jamal Khan Abbasi","Independent","1932",11,"Abbottabad",1988
"Nawab Khan Jadoon","Independent","870",11,"Abbottabad",1988
"Sardar Haji Gul Khattab 
Khan","IJI","31655",12,"Abbottabad",1988
"Haji Javid Iqbal Abbasi","Independent","24629",12,"Abbottabad",1988
"Air Marshal (R) Muhammad 
Asghar Khan","PAI","10822",12,"Abbottabad",1988
"Muhammad Aslam Khan","PPP","10760",12,"Abbottabad",1988
"Col Abdur Razzak","HP","1814",12,"Abbottabad",1988
"Sardar Hukam Dad Khan","Independent","979",12,"Abbottabad",1988
"Raja Sikandar Zaman Khan","IJI","60128",13,"Abbottabad GE 88",1988
"Begum Bilqis Nasrun Minallah","PPP","25066",13,"Abbottabad GE 88",1988
"Umar Asghar Khan","PAI","11816",13,"Abbottabad GE 88",1988
"Syed Qasim Shah","Independent","34363",14,"Mansehra",1988
"Syed Muzammil Shah","Independent","26642",14,"Mansehra",1988
"Qazi Khalil Ahmad","JUI-D","9651",14,"Mansehra",1988
"General (R) Muhammad MumtazKhan","PPP","8211",14,"Mansehra",1988
"Sardar Abdur Rehman Gujjar","JUI-F","595",14,"Mansehra",1988
"Nawabzada Salah-ud-dinSaeed Khan","Independent","20868",15,"Mansehra",1988
"Zaria Gull","Independent","14575",15,"Mansehra",1988
"Muhammad Hanif Khan","IJI","10466",15,"Mansehra",1988
"Fakhar-uz-Zaman","PAI","10004",15,"Mansehra",1988
"Ghulam Sumdani Khan","Independent","497",15,"Mansehra",1988
"Syed Chiragh-ud-Din Shah","JUI-D","343",15,"Mansehra",1988
"Behram Khan","Independent","232",15,"Mansehra",1988
"Haji Muhammad Ayub Khan","IJI","11294",16,"Mansehra",1988
"Alamzab Khan","JUI-F","10890",16,"Mansehra",1988
"Sardar Muhammad Yousif","PPP","9198",16,"Mansehra",1988
"Fazl-e-Haq","IJI","5525",17,"Kohistan",1988
"Muhammad Siraj","ANP","3814",17,"Kohistan",1988
"Abdul Hanan","JUI-F","3336",17,"Kohistan",1988
"Malik Said Ahmad","Independent","2518",17,"Kohistan",1988
"Aurungzeb","Independent","2265",17,"Kohistan",1988
"Moulana Fazal-ur-Rehman","JUI-F","62472",18,"DI Khan",1988
"Fazal Karim Khan Kundi","IJI","35370",18,"DI Khan",1988
"Syed Hassan Ali Kazmi","TNFJ","16492",18,"DI Khan",1988
"Umar Farooq Miankhel","Independent","15248",18,"DI Khan",1988
"Asmatullah","PAI","13093",18,"DI Khan",1988
"Haji Amanullah Khan","Independent","6600",18,"DI Khan",1988
"Rab Nawaz Bhatti ( Retired )","Independent","838",18,"DI Khan",1988
"Maulvi Ali Akbar","JUI-F","19094",19,"Bannu",1988
"Pir Syed Tahir Ali Shah","IJI","12634",19,"Bannu",1988
"Latifullah Khan","Independent","7555",19,"Bannu",1988
"Irfanullah Khan","ANP","6439",19,"Bannu",1988
"Alamgir Khan","Independent","5738",19,"Bannu",1988
"Khaliq Dad Khan","Independent","1836",19,"Bannu",1988
"Engineer Jehangir Khan","Independent","1749",19,"Bannu",1988
"Major (R) Doctor Noor AliShah","Independent","470",19,"Bannu",1988
"Attaullah Khan","Independent","268",19,"Bannu",1988
"Aminullah Khan","Independent","236",19,"Bannu",1988
"Akram Khan","Independent","199",19,"Bannu",1988
"Sher Muhammad Khan ( Retired)","Independent","133",19,"Bannu",1988
"Anwar Saifullah","IJI","37572",20,"Bannu",1988
"Moulvi Ahmad Jan","JUI-F","29779",20,"Bannu",1988
"Habibullah Khan","Independent","3499",20,"Bannu",1988
"Abdul Majid Khan","ANP","3073",20,"Bannu",1988
"Moulana Hakimullah Jan ( Retired )","Independent","463",20,"Bannu",1988
"Saadullah Khan

(Retired )","Independent","431",20,"Bannu",1988
"Naseeer Ahmad Khan","Independent","334",20,"Bannu",1988
"Marghoob Hassan Khan","Independent","266",20,"Bannu",1988
"Shahzada Amani Room","PPP","28739",21,"Swat",1988
"Obaid ur Rehman","JUI-F","21748",21,"Swat",1988
"Mian Gul Aurungzaib","IJI","19061",21,"Swat",1988
"Hafiz Fazal Razik","IJI","16639",22,"Swat",1988
"Nasrullah Khan","ANP","16149",22,"Swat",1988
"Said Rahim Zada","Independent","11513",22,"Swat",1988
"Moulana Abdur Rehman","JUI-F","8834",22,"Swat",1988
"Muhammad Sohrab Khan","Independent","7105",22,"Swat",1988
"Abdullah Khan","Independent","5985",22,"Swat",1988
"Ahmad Kabir","Independent","1444",22,"Swat",1988
"Mehboob ur Rehman","PPP","23613",23,"Swat 3",1988
"Muhammad Afzal Khan","ANP","22597",23,"Swat 3",1988
"Shujat Ali Khan","IJI","21260",23,"Swat 3",1988
"Molvi Abdur Rehman","JUI-F","7528",23,"Swat 3",1988
"Muhammad Amin","Independent","1473",23,"Swat 3",1988
"Muhammad Sher Khan ( Retired)","Independent","684",23,"Swat 3",1988
"Begum Nusrat Bhutto","PPP","32819",24,"Chitral",1988
"Shahzada Muhayud Din","IJI","23405",24,"Chitral",1988
"Begum Sher Ali","Independent","1423",24,"Chitral",1988
"Mufti Noorullah","Independent","726",24,"Chitral",1988
"Fathullah","IJI","35288",25,"Dir",1988
"Najmud Din","PPP","28974",25,"Dir",1988
"Muhammad Zahid","ANP","10381",25,"Dir",1988
"Muhammad Hanif Khan","PPP","39174",26,"Malakand",1988
"Maulana Inayatur Rehman","IJI","23294",26,"Malakand",1988
"Abdur Rehman Khan","ANP","14467",26,"Malakand",1988
"Khalid Jan","JUI-F","8992",26,"Malakand",1988
"Amir Zaman Khan","PMAI","1423",26,"Malakand",1988
"Muhammad Shuaib Khan","Independent","671",26,"Malakand",1988
"Qadar Gull","Independent","3198",27,"Tribal Area 1",1988
"Haji Baroz","Independent","3192",27,"Tribal Area 1",1988
"Zareen","Independent","265",27,"Tribal Area 1",1988
"Muhammad Afzal","Independent","65",27,"Tribal Area 1",1988
"Ismail Sher","Independent","60",27,"Tribal Area 1",1988
"Syed Qahar","Independent","36",27,"Tribal Area 1",1988
"Nadir","Independent","28",27,"Tribal Area 1",1988
"Sultan Muhammad","Independent","20",27,"Tribal Area 1",1988
"Syed Mehmood Jan","Independent","17",27,"Tribal Area 1",1988
"Zahir Shah","Independent","13",27,"Tribal Area 1",1988
"Akhundzada Muhammad SaeedParachamkani","Independent","630",28,"
      Complete Result of NA28 Tribal Area",1988
"Hussain Jan Tori","Independent","550",28,"
      Complete Result of NA28 Tribal Area",1988
"Malik Umar Din Bangash","Independent","33",28,"
      Complete Result of NA28 Tribal Area",1988
"Sultan Hassan Bangash","Independent","10",28,"
      Complete Result of NA28 Tribal Area",1988
"Syed Ghulab Hussain Tori","Independent","9",28,"
      Complete Result of NA28 Tribal Area",1988
"Syed Askar Ali Shah Tori","Independent","8",28,"
      Complete Result of NA28 Tribal Area",1988
"Younis Ali Tori","Independent","4",28,"
      Complete Result of NA28 Tribal Area",1988
"Haji Gul Akbar Ali Sherazi","Independent","4",28,"
      Complete Result of NA28 Tribal Area",1988
"Malik Muhammad Zaman Bangish","Independent","3",28,"
      Complete Result of NA28 Tribal Area",1988
"Haji Abdul Manan Banhish","Independent","2",28,"
      Complete Result of NA28 Tribal Area",1988
"Haji Saleh Khan Ali Sher Zai","Independent","1",28,"
      Complete Result of NA28 Tribal Area",1988
"Mir Akbar Jan Otizai","Independent","1",28,"
      Complete Result of NA28 Tribal Area",1988
"Haji Baz Gul Mangal","Independent","--",28,"
      Complete Result of NA28 Tribal Area",1988
"Haji Hameed Khan Masozai","Independent","--",28,"
      Complete Result of NA28 Tribal Area",1988
"Haji Kahista Jan Manatwal","Independent","--",28,"
      Complete Result of NA28 Tribal Area",1988
"Haji Khowja Muhammad KhanMasozai","Independent","--",28,"
      Complete Result of NA28 Tribal Area",1988
"Ghazi Said Jamal","Independent","2744",29,"Tribal Area",1988
"Khial Shah","Independent","1474",29,"Tribal Area",1988
"Alim Hassan","Independent","996",29,"Tribal Area",1988
"Fazal Hamid","Independent","510",29,"Tribal Area",1988
"Lt. Colonel (R) Aman ullahKhan","Independent","89",29,"Tribal Area",1988
"Haji Abdul Sattar","Independent","82",29,"Tribal Area",1988
"Haji Shams ul Haq","Independent","58",29,"Tribal Area",1988
"Syed Abdul Abbas","Independent","39",29,"Tribal Area",1988
"Mohsin Ali","Independent","21",29,"Tribal Area",1988
"Syed Qasim","Independent","11",29,"Tribal Area",1988
"Malik Haji Nadir Khan","Independent","485",30,"Tribal Area",1988
"Mamoor Khan","Independent","313",30,"Tribal Area",1988
"Sarwar Jan","Independent","170",30,"Tribal Area",1988
"Asmatullah","Independent","74",30,"Tribal Area",1988
"Abdul Karim","Independent","15",30,"Tribal Area",1988
"Dost Muhammad","Independent","14",30,"Tribal Area",1988
"Sultan Mahmood","Independent","6",30,"Tribal Area",1988
"Abdul Latif","Independent","4",30,"Tribal Area",1988
"Jan Muhammad","Independent","3",30,"Tribal Area",1988
"Sherin Akbar","Independent","2",30,"Tribal Area",1988
"Saifullah","Independent","1",30,"Tribal Area",1988
"Haji Sakhi Jan","Independent","739",31,"Tribal Area",1988
"Malik Shahzad","Independent","239",31,"Tribal Area",1988
"Sher Jan ( Retired )","Independent","37",31,"Tribal Area",1988
"Abdul Qayyum ( Retired )","Independent","11",31,"Tribal Area",1988
"Malik Sahib Jan ( Retired )","Independent","9",31,"Tribal Area",1988
"Lt. Col. (R) Gaideen Khan (Retired )","Independent","3",31,"Tribal Area",1988
"Bismillah Khan","Independent","1506",32,"Tribal Area",1988
"Mehboob Jan","Independent","1181",32,"Tribal Area",1988
"Mian Shah Jahan","Independent","958",32,"Tribal Area",1988
"Sabih Ahmad Anjum","Independent","65",32,"Tribal Area",1988
"Malik Waris Khan","Independent","1035",33,"Tribal Area",1988
"Malik Nadir Khan","Independent","877",33,"Tribal Area",1988
"Haji Shah Jee","Independent","811",33,"Tribal Area",1988
"Malik Momin Khan","Independent","521",34,"Tribal Area",1988
"Malik Noor Sher Khan","Independent","471",34,"Tribal Area",1988
"Malik Roza Din","Independent","126",34,"Tribal Area",1988
"Malik Muhammad Khan","Independent","27",34,"Tribal Area",1988
"Malik Gul Sharif Khan","Independent","2",34,"Tribal Area",1988
"Raja Pervez Khan","PPP","39994",35,"Islamabad 88",1988
"Haji Muhammad Nawaz Khokhar","Independent","23551",35,"Islamabad 88",1988
"Doctor Sarfraz Ahmad Mir","IJI","19398",35,"Islamabad 88",1988
"Syed Zafar Ali Shah","PAI","13385",35,"Islamabad 88",1988
"Admiral (R) Kamran RehmanNiazi","Independent","4751",35,"Islamabad 88",1988
"Chaudhary Manzoor Hussain","JUI","1275",35,"Islamabad 88",1988
"Muhammad Siddiq Butt (Retired)","NPP","1102",35,"Islamabad 88",1988
"Mukhtar Hussain","Independent","906",35,"Islamabad 88",1988
"Raja Abdul Rahim","Independent","842",35,"Islamabad 88",1988
"Al Syed Ali Abbas Naqvi","TNFJ","820",35,"Islamabad 88",1988
"Marghoob Ali","Independent","500",35,"Islamabad 88",1988
"Mirza Murtaza Pooya (Retired)","Independent","311",35,"Islamabad 88",1988
"Zahid Hussain Abbasi","Independent","241",35,"Islamabad 88",1988
"Mian Muhammad Aslam","Independent","84",35,"Islamabad 88",1988
"Shahid Khaqan Abbasi","Independent","47295",36,"Rawalpindi",1988
"Raja Zafar ul Haq","IJI","45075",36,"Rawalpindi",1988
"Raja Muhammad Anwar","PPP","42971",36,"Rawalpindi",1988
"Hon: Capt. Muhammad Riaz","190","2111",36,"Rawalpindi",1988
"Raja Muhammad Zahir Khan","IJI","61188",37,"Rawalpindi",1988
"Abdul Aziz","Independent","39294",37,"Rawalpindi",1988
"Brigadier (R) MUhammad AkramKhan","PPP","38046",37,"Rawalpindi",1988
"Raja Amir Akbar Khan(Retired)","Independent","331",37,"Rawalpindi",1988
"Raja Nadir Pervaiz Khan(Retired)","Independent","283",37,"Rawalpindi",1988
"Sheikh Rasheed Ahmad","IJI","73052",38,"Rawalpindi",1988
"General (R) Tikka Khan","PPP","57665",38,"Rawalpindi",1988
"Muhammad Rafi Butt","PAI","2990",38,"Rawalpindi",1988
"Raja Abid Hussain","Independent","1373",38,"Rawalpindi",1988
"Muhmmad Mehmood Akbar Kiani","NPP-K","1033",38,"Rawalpindi",1988
"Habib ul Wahab ul Khairi","Independent","381",38,"Rawalpindi",1988
"Malik Muhammad Dawood","JAHP","370",38,"Rawalpindi",1988
"Raja Shahid Zafar","PPP","60701",39,"Rawalpindi",1988
"Muhammad Basharat Raja","IJI","44719",39,"Rawalpindi",1988
"Syed Riaz Hussain Shah","PAI","38996",39,"Rawalpindi",1988
"Muhammad Fazal Bhatti","Independent","381",39,"Rawalpindi",1988
"Mushtaq Hussan Mughal","NML-N","282",39,"Rawalpindi",1988
"Doctor Mahmood ur RehmanFaisal","TIIP","280",39,"Rawalpindi",1988
" Nisar Ali Khan","IJI","64186",40,"Rawalpindi",1988
"Habib Khan","PPP","57878",40,"Rawalpindi",1988
"Muhammad Kamal","Independent","309",40,"Rawalpindi",1988
"Aftab Ahmad","Independent","240",40,"Rawalpindi",1988
"Muhammad Jaffer Khan","Independent","150",40,"Rawalpindi",1988
"Malik Muhammad Aslam","PPP","47676",41,"Attock",1988
"Taj Muhammad Khanzada","IJI","36058",41,"Attock",1988
"Muhammad Bahader Khan","Independent","8572",41,"Attock",1988
"Syed Ashiq Kaleem","Independent","2661",41,"Attock",1988
"Maqbool Elahi Siddiqi","  Independent","789",41,"Attock",1988
"Amir Muhammad Khan","PPP","67729",42,"Attock",1988
"Malik Allah Yar Khan","PAI","51906",42,"Attock",1988
"Malik Lal Khan","IJI","39740",42,"Attock",1988
"Lt. General Abdul MajeedMalik","IJI","61621",43,"Chakwal of GE 88",1988
"Sardar Muhammad Ashraf Khan","PPP","52997",43,"Chakwal of GE 88",1988
"Raja Munawar Ahmad","PAI","22770",43,"Chakwal of GE 88",1988
"Major General (R) TajammalHussain Malik","TIIP","2527",43,"Chakwal of GE 88",1988
"Muhammad Nawaz Malik","Independent","2379",43,"Chakwal of GE 88",1988
"Sardar Mansoor Hayyat Khan","IJI","75928",44,"Chakwal",1988
"Air Marshal (R) Muhammad NoorKhan","PPP","60962",44,"Chakwal",1988
"Raja Muhammad Afzal Khan","IJI","49041",45,"Jhelum",1988
"Doctor Ghulam Hussain","Independent","36650",45,"Jhelum",1988
"Chaudhary Muhammad AltafHussain","PPP","28263",45,"Jhelum",1988
"Qari Muhammad Yousif Sialwi","Independent","3835",45,"Jhelum",1988
"Abdul Wakil Butt","Independent","869",45,"Jhelum",1988
"Mirza Muhammad Nawazish AliBaig","  Independent","511",45,"Jhelum",1988
"Nawabzada Iqbal Mehdi","Independent","42255",46,"Jhelum",1988
"Doctor Ghulam Hussain","Independent","40733",46,"Jhelum",1988
"Raja Mumtaz Ahmad Khan","PPP","8474",46,"Jhelum",1988
"Raja Muhammad Afsar Khan","Independent","5771",46,"Jhelum",1988
"Masood ul Hassan Bhatti","Independent","3071",46,"Jhelum",1988
"Mirza Saeed Mehmood BaigJhelumi (Retired)","Independent","472",46,"Jhelum",1988
"Ehsan ul Haq Piracha","PPP","55089",47,"Sargodha",1988
"Mian Naseer Ahmad","Independent","52433",47,"Sargodha",1988
"Chaudhary Abdul Sttat Chichi","IJI","1515",47,"Sargodha",1988
"Amjad Ali Noon ( Retired )","Independent","540",47,"Sargodha",1988
"Chaudhary Qadir BakhshMeela","PPP","44651",48,"Sargodha",1988
"Nazir Ahmad","Independent","31677",48,"Sargodha",1988
"Sagheer Sultan Anwar Cheema","IJI","27459",48,"Sargodha",1988
"Hassan Ashraf (Retired)","PNP","1736",48,"Sargodha",1988
"Muhammad Khan","Independent","1599",48,"Sargodha",1988
"Mukhtar Ahmad (Retired )","Independent","467",48,"Sargodha",1988
"Haji Muhammad Javaid IqbalCheema","IJI","65210",49,"Sargodha",1988
"Mumtaz Ahmad Kahloon","PPP","57351",49,"Sargodha",1988
"Rao javed Ahmad","JUI-F","1391",49,"Sargodha",1988
"Haji Muhammad Aslam ( Retired)","Independent","601",49,"Sargodha",1988
"Muhammad jamil Akhtar","Independent","337",49,"Sargodha",1988
"Atta Ullah Bajwa","Independent","70",49,"Sargodha",1988
"Chaudhary Anwar Ali Cheema","IJI","71264",50,"Sargodha",1988
"Ch. Farukh Javaid Chuman","PPP","45763",50,"Sargodha",1988
"Syed Nusrat Ali Shah","Independent","8353",50,"Sargodha",1988
"Rai Muhammad Punnah","NNP-K","3830",50,"Sargodha",1988
"Khalid Amir Khan","Independent","849",50,"Sargodha",1988
"Haji Muhammad Younis","JUI-F","303",50,"Sargodha",1988
"Malik Muhammad Naeem Khan","IJI","81522",51,"Sargodha / Khushab",1988
"Malik Mian Sultan Awan","PPP","47906",51,"Sargodha / Khushab",1988
"Brigadier (R) Malik MuhammadAkbar Khan","Independent","3879",51,"Sargodha / Khushab",1988
"Malik Muhammad Shahdat","Independent","1048",51,"Sargodha / Khushab",1988
"Haji Muhammad Abdullah (Retired )","Independent","463",51,"Sargodha / Khushab",1988
"Mian Aziz ul Haq Qureishi","Independent","211",51,"Sargodha / Khushab",1988
"Malik Muhammad Naeem Khan","IJI","81522",51,"Sargodha / Khushab",1988
"Malik Mian Sultan Awan","PPP","47906",51,"Sargodha / Khushab",1988
"Brigadier (R) Malik MuhammadAkbar Khan","Independent","3879",51,"Sargodha / Khushab",1988
"Malik Muhammad Shahdat","Independent","1048",51,"Sargodha / Khushab",1988
"Haji Muhammad Abdullah (Retired )","Independent","463",51,"Sargodha / Khushab",1988
"Mian Aziz ul Haq Qureishi","Independent","211",51,"Sargodha / Khushab",1988
"Malik Khuda Bukhsh Tiwana","Independent","56750",52,"Khushab",1988
"Naseer Ahmad Aheer","IJI","37092",52,"Khushab",1988
"Malik Muhammad Azam Khan","PPP","19469",52,"Khushab",1988
"Doctor Rafaqat Sultan","PAI","4932",52,"Khushab",1988
"Mian Aziz Ul Haq Qureishi","Independent","809",52,"Khushab",1988
"Maulana Abdul Sattar KhanNiazi","PAI","44847",53,"Mianwali",1988
"Nawabzada Malik Muzaffar Khan","Independent","25043s",53,"Mianwali",1988
"Maqbool Ahmad Khan","Independent","9994",53,"Mianwali",1988
"Doctor Muhammad Anwar Khan","PPP","7693",53,"Mianwali",1988
"Abdul RehmanKhan ( Retired )","Independent","1930",53,"Mianwali",1988
"Haqdad Khan Niazi","Independent","1121",53,"Mianwali",1988
"Khan Asghar Aziz Khan","Independent","247",53,"Mianwali",1988
"Khan Gul Hameed Khan","Independent","186",53,"Mianwali",1988
"Doctor Sher Afghan KhanNiazi","PAI","42699",54,"Mianwali",1988
"Khan Aamir Hayat Khan","IJI","40477",54,"Mianwali",1988
"Faqir Abdul Majid Khan","PPP","18629",54,"Mianwali",1988
"Muhammad TufailRaza","Independent","3757",54,"Mianwali",1988
"Syed Sahfique Haidar Zaidi","Independent","1398",54,"Mianwali",1988
"Haq Dad Khan Niazi","Independent","1125",54,"Mianwali",1988
"Safdar Rasool","Independent","872",54,"Mianwali",1988
"Muhammad Zafar Ullah Khan","Independent","49480",55,"Bhakkar GE 88",1988
"Bashir Ahmad Khan","PAI","38400",55,"Bhakkar GE 88",1988
"Malik Ghazanfar Ali","PPP","25861",55,"Bhakkar GE 88",1988
"Rasheed Akbar Khan Nawani","Independent","49233",56,"Bhakkar GE 88",1988
"Aman ullah Khan Shahani","Independent","36308",56,"Bhakkar GE 88",1988
"Malik Nazir Ahmad Utra","PPP","20397",56,"Bhakkar GE 88",1988
"Chaudhary Muhammad NazirAhmad","Independent","60204",57,"Faisalabad",1988
"Rana Muhammad Aslam Khan","PPP","58833",57,"Faisalabad",1988
"Doctor Muhammad SahiqueChoudhary","IJI","6113",57,"Faisalabad",1988
"Mukhtar AhmadAwan","PAI","1856",57,"Faisalabad",1988
"Naseem Akhtar","Independent","868",57,"Faisalabad",1988
"Rai Muhammad Aslam Khan","PPP","54868",58,"Faisalabad",1988
"Rai Salahuddin Khan","IJI","41552",58,"Faisalabad",1988
"Babu KhanB.K Tabish","PAI","3956",58,"Faisalabad",1988
"Khan Shahadat Ali KhanBaloch","PPP","50414",59,"Faisalabad",1988
"Mian Nasir Ali Khan","IJI","37803",59,"Faisalabad",1988
"Pir Muhammad Abdul Rehman","Independent","6146",59,"Faisalabad",1988
"Chaudhary Abdus SaboorKhan","PPP","28013",60,"Faisalabad",1988
"Muhammad Abdullah Ghazi","IJI","24190",60,"Faisalabad",1988
"Malik Muhammad Ali Shad","Independent","17399",60,"Faisalabad",1988
"Sajid Majid","PAI","16037",60,"Faisalabad",1988
"Ghulam NabiChaudhary","NPP-K","9953",60,"Faisalabad",1988
"Rao MuhammadAshraf Khan","Independent","5470",60,"Faisalabad",1988
"Munawar Hussain","Independent","3620",60,"Faisalabad",1988
"Muhammad SharifChaudhary","Independent","670",60,"Faisalabad",1988
"Rao Safdar AliKhan ( Retired )","Independent","177",60,"Faisalabad",1988
"Chaudhary Muhammad NazeerAhmad","IJI","71782",61,"Faisalabad",1988
"Talib Hussain","PPP","54811",61,"Faisalabad",1988
"Sardar Dildar Ahmad Cheema","Independent","2250",61,"Faisalabad",1988
"Ghulam Mustafa Bajwa","IJI","48019",62,"Faisalabad",1988
"Chaudhary Muhammad LatifRandhawa","PPP","38435",62,"Faisalabad",1988
"Choudahry Saleem Bajwa","Independent","3361",62,"Faisalabad",1988
"Nisar Akbar Khan","PPP","54251",63,"Faisalabad",1988
"Muhammad Akram Ansari","IJI","45962",63,"Faisalabad",1988
"Muhammad Saeed Ahmad Asad","PAI","9776",63,"Faisalabad",1988
"ChaudharyMuhammad Sardar Salik","Independent","471",63,"Faisalabad",1988
"Malik MuhammadAslam","Independent","351",63,"Faisalabad",1988
"Rana MuhammadAsghar ( Retired )","TNFJ","310",63,"Faisalabad",1988
"Bashir AhmadAnsari","Independent","254",63,"Faisalabad",1988
"Ahmad Saeed Awan","PPP","54438",64,"Faisalabad",1988
"Mian Zahid Sarfraz","Independent","49745",64,"Faisalabad",1988
"Raja Nadir Peraiz","Independent","6703",64,"Faisalabad",1988
"Qari AbdulHafeez","JAHP","1538",64,"Faisalabad",1988
"Muhammad NaseemArtist","PAI","946",64,"Faisalabad",1988
"Muhammad NaseerDin","JUI-D","582",64,"Faisalabad",1988
"Sheikh MatloobHussain","TNFJ","373",64,"Faisalabad",1988
"Abdul Jabbar","Independent","346",64,"Faisalabad",1988
"Haji AbdulMajeed Abrani","Independent","283",64,"Faisalabad",1988
"Qari MuhammadSaeed Chishti","Independent","134",64,"Faisalabad",1988
"Mehar Abdur Rasheed","PPP","69604",65,"Faisalabad",1988
"Chaudhary Sher Ali","Independent","57621",65,"Faisalabad",1988
"Haji Muhamamd Rafique","PAI","2438",65,"Faisalabad",1988
"Nighat Waheed","Independent","1367",65,"Faisalabad",1988
"Muhammad AnwarAli Baloch ( Retired )","Independent","342",65,"Faisalabad",1988
"Abdul HassanGillani","Independent","106",65,"Faisalabad",1988
"Amir Hussain Syed","PPP","35761",66,"Jhang",1988
"Sardarzada Muhammad Ali Shah","IJI","32896",66,"Jhang",1988
"Mehr Dost Muhammad","Independent","28314",66,"Jhang",1988
"Syed Qaisar Ali 
Raza","Independent","1995",66,"Jhang",1988
"Syeda Abida Hussain","Independent","60847",67,"Jhang General",1988
"Moulana Haji Rehmatullah","IJI","42107",67,"Jhang General",1988
"Rai Ghulam Shabbir Khan","PPP","2299",67,"Jhang General",1988
"Syeda Abida Hussain","Independent","47374",68,"Jhang ",1988
"Moulana Haq Nawaz Jhangvi","JUI-F","38995",68,"Jhang ",1988
"Mian Riaz Hashmat Janjua","Independent","19872",68,"Jhang ",1988
"Syed Zulfiqar 
Ali Bukhari","PPP","11544",68,"Jhang ",1988
"Syed Sadiq 
Hussain Shah","Independent","533",68,"Jhang ",1988
"Syed Asad Hayyat","Independent","518",68,"Jhang ",1988
"Syed Faisal Saleh Hayyat","PPP","54268",69,"Jhang",1988
"Syed Iftikhar Ali Shah","IJI","33805",69,"Jhang",1988
"Muhammad Younus","Independent","12872",69,"Jhang",1988
"Syed Iftekhar 
Hussain","TNFJ","5538",69,"Jhang",1988
"Doctor Muhammad 
Aslam ( Retired )","Independent","482",69,"Jhang",1988
"Sahibzada Muhamamd Nazir 
Sultan","PPP","61550",70,"Jhang",1988
"Khan Muhammad Arif Khan","IJI","50185",70,"Jhang",1988
"Sardar Ali Khan ( Retired )","Independent","563",70,"Jhang",1988
"Chaudhary Asard ur Rehman","IJI","65430",71,"TT Singh",1988
"Khalid Ahmad Khan Kharal","PPP","50811",71,"TT Singh",1988
"Muhammad Bashir","PAI","2037",71,"TT Singh",1988
"Azra Khan","Independent","1427",71,"TT Singh",1988
"Choudhary 
Muhammad Yousif Javeed","Independent","1382",71,"TT Singh",1988
"Rai Ahaidullah 
Khan","Independent","1282",71,"TT Singh",1988
"Muhammad Riaz","Independent","474",71,"TT Singh",1988
"Major (R) Ahmad 
Nawaz","Independent","299",71,"TT Singh",1988
"Sardar Khurshid 
Anwar","Independent","138",71,"TT Singh",1988
"Abdul Sattar","IJI","66836",72,"TT Singh",1988
"Qazi Ghias Ud Din Janbaz","PPP","51510",72,"TT Singh",1988
"Syed Murad Ali Shah","Independent","874",72,"TT Singh",1988
"Wali Muhammad","Independent","778",72,"TT Singh",1988
"Haji Noor Ahmad","Independent","345",72,"TT Singh",1988
"Saeed Jillani 
Tariq","Independent","281",72,"TT Singh",1988
"Peerzada Mansoor 
Javeed","Independent","87",72,"TT Singh",1988
"Haji Muhammad Ishaq","PPP","55471",73,"Toba Tek Singh",1988
"Hamza","IJI","52137",73,"Toba Tek Singh",1988
"Muhammad Sadiq","Independent","10934",73,"Toba Tek Singh",1988
"Colonel (R) Ghulam Sarwar 
Cheema","PPP","72240",74,"Gujranwala",1988
"Chaudhary Hamid Nasir Chatha","IJI","66141",74,"Gujranwala",1988
"Muhammad Akram Jwindah","Independent","830",74,"Gujranwala",1988
"Malik Fazal Hussain Khan","PPP","63313",75,"Gujranwala",1988
"Chaudhary Irshad Ullah Tarar","IJI","52700",75,"Gujranwala",1988
"Rai Muhammad Shafi","PAI","2920",75,"Gujranwala",1988
"Brigadier (R) Iftikhar Bashir (Retired)","Independent","733",75,"Gujranwala",1988
"Al-Haj Amanullah","PPP","63653",76,"Gujranwala 1988",1988
"Ghulam Dastgir Khan","IJI","60018",76,"Gujranwala 1988",1988
"Muhammad Siddique Nadeem","PAI","2542",76,"Gujranwala 1988",1988
"Sheikh Bashir 
Ahmad","PML-F","1713",76,"Gujranwala 1988",1988
"Ghulam Qadir 
Khan","Independent","407",76,"Gujranwala 1988",1988
"Muhammad Mansoor","Independent","240",76,"Gujranwala 1988",1988
"Muhammad 
Ihsanullah","Independent","207",76,"Gujranwala 1988",1988
"Mazhar ul Haq","Independent","40",76,"Gujranwala 1988",1988
"Muhamamd Aslam Lone","PPP","63318",77,"Gujranwala",1988
"Chaudhary Muhammad Anwar 
Bhindar","IJI","52547",77,"Gujranwala",1988
"Muhammad Malik","Independent","1569",77,"Gujranwala",1988
"Muhammad Mansoor 
( Retired )","Independent","1253",77,"Gujranwala",1988
"Kh. Muhammad 
Bahar Lone","Independent","324",77,"Gujranwala",1988
"Muhammad Ikram 
Lone","Independent","148",77,"Gujranwala",1988
"Rana Nazeer Ahmad Khan","IJI","55019",78,"Gujranwala",1988
"Mehdi Hassan Bhatti","PPP","30385",78,"Gujranwala",1988
"Muhammad Irshad","NPP-K","21639",78,"Gujranwala",1988
"MUhammad Gulzar Khan","ANP","1758",78,"Gujranwala",1988
"Chaudhary Ejaz Ahmad","IJI","40967",79,"Gujranwala",1988
"Mian Shahdat Khan","PPP","33890",79,"Gujranwala",1988
"Muhammad Ashraf","Independent","31988",79,"Gujranwala",1988
"Saleem Ahmad 
Khan","Independent","12500",79,"Gujranwala",1988
"Chaudhary Tajamul Hussain","IJI","74852",80,"Gujrat",1988
"Nawabzada Mazhar Ali Khan","PPP","71412",80,"Gujrat",1988
"Syed Ashiq Hussain Shah","PAI","5001",80,"Gujrat",1988
"Chaudhary Shujaat Hussain","IJI","78025",81,"Gujrat GE 1988",1988
"Mushtaq Hussain Pagganwala","PPP","69437",81,"Gujrat GE 1988",1988
"Muhammad Saeed","Independent","1767",81,"Gujrat GE 1988",1988
"Miss Irshad 
Chaudhary","Independent","515",81,"Gujrat GE 1988",1988
"Muhammad Walayat 
Butt","Independent","487",81,"Gujrat GE 1988",1988
"Ajmal Ali Khawar","Independent","266",81,"Gujrat GE 1988",1988
"Chaudhary Muhammad Asghari","PPP","76341",82,"Gujrat 88",1988
"Syed Manzoor Hussain Shah","IJI","63670",82,"Gujrat 88",1988
"Raja Muhammad Afzal","PAI","14169",82,"Gujrat 88",1988
"Ch. Muhammad 
Fayyaz ( Retired )","Independent","562",82,"Gujrat 88",1988
"Choudhary 
Muhammad Yaqoob","Independent","448",82,"Gujrat 88",1988
"Brigadier (R) 
Sahib Dad (Retired)","Independent","357",82,"Gujrat 88",1988
"Chaudhary Mumtaz Ahmad 
Tarar","PPP","50520",83,"Gujrat",1988
"Choudhary Muhammad Iqbal","IJI","40839",83,"Gujrat",1988
"Ch. Ghulam Rasool","Independent","21364",83,"Gujrat",1988
"Syed Muhammad 
Mehfooz Mashadi","PAT","11594",83,"Gujrat",1988
"Gulzar Mehmood","  Independent","991",83,"Gujrat",1988
"Javaid Akhtar","Independent","627",83,"Gujrat",1988
"Umar Hayyat Lailka","IJI","32827",84,"Gujrat 88",1988
"Nazar Muhammad Gondal","PPP","31125",84,"Gujrat 88",1988
"Muhammad Nawaz Bosal","Independent","17011",84,"Gujrat 88",1988
"Faiz Ahmad","PAI","3523",84,"Gujrat 88",1988
"Ch. Muhammad 
Iqbal Bosal","Independent","1142",84,"Gujrat 88",1988
"Chaudhary 
Muhammad Aslam","Independent","837",84,"Gujrat 88",1988
"Mian Muhamamd Shafi","IJI","59902",85,"Sialkot",1988
"Akhtar Javed Pirzada","PPP","40850",85,"Sialkot",1988
"Muhammad Sajjad Dar","PAI","4553",85,"Sialkot",1988
"Qazi Zaka Ullah 
( Retired )","Independent","792",85,"Sialkot",1988
"Chaudhary 
Muhammad Sarwar Jan","Independent","599",85,"Sialkot",1988
"Amir Hussain","IJI","58545",86,"Sialkot",1988
"Faiz Ahmad","PPP","55163",86,"Sialkot",1988
"Mian Masood Ahmad","Independent","6900",86,"Sialkot",1988
"Chaudhary Javed 
Mehdi ( Retired )","Independent","2980",86,"Sialkot",1988
"Asmat ullah Mir","Independent","593",86,"Sialkot",1988
"Khurshid Alam","PPP","52676",87,"Sialkot",1988
"Nazir Ahmad Khan","IJI","51737",87,"Sialkot",1988
"Chaudhary Zulfiqar Ahmad","PAI","14106",87,"Sialkot",1988
"Muhammad Akram Khan","Independent","8189",87,"Sialkot",1988
"Mian Muhammad Nawaz Sharif","IJI","45271",88,"Sialkot",1988
"Chaudhary Asdullah Hajwa","PDP","30927",88,"Sialkot",1988
"Muhamamd Ahmad","PAI","19798",88,"Sialkot",1988
"Ch. Muhammad 
Sikandar Khan","Independent","1975",88,"Sialkot",1988
"Muhamamd Bashir","Independent","1746",88,"Sialkot",1988
"Alhaj Hamid Nawaz Khan","PPP","32201",89,"Sialkot",1988
"Chaudhary Muhammad Sarwar 
Khan","IJI","32027",89,"Sialkot",1988
"Sheikh Allah Ditta Sethi","Independent","13452",89,"Sialkot",1988
"Syed 
Saeed-ul-Hassain","Independent","7669",89,"Sialkot",1988
"Muhamamd Aslam 
Khan","Independent","7204",89,"Sialkot",1988
"Syed Kaleem 
Abbas","Independent","6124",89,"Sialkot",1988
"Muhamamd Ajmal 
Qureishi","Independent","1142",89,"Sialkot",1988
"Muhammad Akram","Independent","965",89,"Sialkot",1988
"Muhamamd Naseer 
Khan","Independent","450",89,"Sialkot",1988
"Chaudhary Anwar ul Haq","IJI","43901",90,"Sialkot",1988
"Ghulam Sarwar Khan","PPP","25075",90,"Sialkot",1988
"Muhammad Akbar","Independent","16138",90,"Sialkot",1988
"Muhammad Haneef","NPP-K","2214",90,"Sialkot",1988
"Azam Khan","  Independent","1169",90,"Sialkot",1988
"Muhammad Sadiq 
Bhatti","Independent","514",90,"Sialkot",1988
"Chaudhary Anwar Aziz","IJI","31621",91,"Sialkot",1988
"Muhammad Idress Taj","PPP","27690",91,"Sialkot",1988
"Maulana Muhammad Ghiasuddin","PAI","21497",91,"Sialkot",1988
"Yaqoob Ali","Independent","3458",91,"Sialkot",1988
"Muhammad Hussain Ansari","PAI","46091",92,"Lahore ",1988
"Rafiq Ahmad Sheikh","PPP","44717",92,"Lahore ",1988
"Khan Zafar Ullah Khan","Independent","2984",92,"Lahore ",1988
"Pir Muhammad Ashraf ( Retired 
)","IJI","1782",92,"Lahore ",1988
"Seth Abdul Wahab","JUI-F","1024",92,"Lahore ",1988
"Malik Ghulam Yazdani","Independent","644",92,"Lahore ",1988
"Zafarullah Khan Advocate","WP","184",92,"Lahore ",1988
"Jahangir Ashraf Vaince","PDP","128",92,"Lahore ",1988
"Syed Fasih Ahmad Jafri ( 
Retired )","Independent","89",92,"Lahore ",1988
"Chudhary Aitzaz Ahsan","PPP","71860",93,"Lahore ",1988
"Alhaj Sheikh Rohail Asghar","IJI","41181",93,"Lahore ",1988
"Khawja Muhammad Azhar Khan","PAI","8194",93,"Lahore ",1988
"Agha Aly Basheer","Independent","1177",93,"Lahore ",1988
"Nasruddin Mirza","Independent","408",93,"Lahore ",1988
"Qazi Abdul Hakeem","Independent","159",93,"Lahore ",1988
"Benazir Bhutto","PPP","53425",94,"Lahore ",1988
"Mian Umar Hayyat","Independent","43733",94,"Lahore ",1988
"Pir Haji Ejaz Ahmad Hashmi","PAI","4643",94,"Lahore ",1988
"Mian Azhar Hussain","Independent","535",94,"Lahore ",1988
"Doctor Qari Ashfaq Ullah","Independent","151",94,"Lahore ",1988
"Doctor Saeed","PDP","104",94,"Lahore ",1988
"Mian Nawaz Sharif","IJI","49318",95,"Lahore",1988
"Arif Iqbal Hussain Bhatti","PPP","36065",95,"Lahore",1988
"Malik Saeed Hassan","Independent","945",95,"Lahore",1988
"Farid Ahmad Paracha ( Retired 
)","JAHP","718",95,"Lahore",1988
"Malik Ghulam Mustafa Khar ( 
Retired )","NPP","627",95,"Lahore",1988
"Jahangir Badar","PPP","43368",96,"Lahore",1988
"Hafiz Salman Butt","IJI","38694",96,"Lahore",1988
"Azhar Saeed Butt","PAI","2630",96,"Lahore",1988
"Muhammad Ajmal Qadri","JUI-D","205",96,"Lahore",1988
"Malik Muhammad Akhtar ( 
Retired )","Independent","184",96,"Lahore",1988
"Doctor Asghar Hussain","Independent","183",96,"Lahore",1988
"Malik Muhammad Akbar Saqi","Independent","54",96,"Lahore",1988
"Khawja Ahmad Tariq Raheem","PPP","56903",97,"Lahore",1988
"Liaqat Baloch","IJI","55655",97,"Lahore",1988
"Muhammad Saleem Ullah Khan","PAI","4708",97,"Lahore",1988
"Syed Munir Hussain Gillani","TNFJ","936",97,"Lahore",1988
"Syed Ahmad Saeed Karmani","Independent","335",97,"Lahore",1988
"Mian Muhammad Usman","IJI","51764",98,"Lahore",1988
"Sheikh Muhammad Rasheed","PPP","47908",98,"Lahore",1988
"Mian Muhammad Asif","Independent","5710",98,"Lahore",1988
"Khurshid Mahmood Kasuri","PAI","2593",98,"Lahore",1988
"Amar Shahzad","Independent","407",98,"Lahore",1988
"Haji Muhammad Asghar","PPP","31283",99,"Lahore",1988
"Wazir Ali Bhatti","IJI","25020",99,"Lahore",1988
"Muhammad Abdul Ghafoor Alwari","PAI","10987",99,"Lahore",1988
"Malik Khadim Hussain","Independent","2877",99,"Lahore",1988
"Nazir Ahmad","Independent","1960",99,"Lahore",1988
"Sardar Khalid Umar ( Retired 
)","Independent","277",99,"Lahore",1988
"Malik Meraj Khalid","PPP","33903",100,"Lahore",1988
"Safdar Ali","IJI","30465",100,"Lahore",1988
"Muhammad Asghar Butt","PAI","11358",100,"Lahore",1988
"Ashiq Ali","Independent","2191",100,"Lahore",1988
"Ch. Azeem ud Din","Independent","793",100,"Lahore",1988
"Abdul Qayyum Pahat","Independent","462",100,"Lahore",1988
"Muhammad Ahmad","Independent","125",100,"Lahore",1988
"Nisar Ahmad S/O Haji 
Muhammad Malik","PPP","66859",101,"Sheikhupura",1988
"Tanveer Hussain","IJI","42901",101,"Sheikhupura",1988
"Sheikh Muhammad Jamil","Independent","1230",101,"Sheikhupura",1988
"Malik Akbar Ali","PAI","1201",101,"Sheikhupura",1988
"Haji Muhammad Ashraf","Independent","475",101,"Sheikhupura",1988
"Muhammad Akbar","Independent","413",101,"Sheikhupura",1988
"Chaudhary Muhammad Anwar","Independent","237",101,"Sheikhupura",1988
"Nisar Ahmad S/o Lal Khan ( 
Retired )","Independent","235",101,"Sheikhupura",1988
"Malik Mushtaq Ahmad","PPP","44200",102,"Sheikhupura",1988
"Chaudhary Nazir Ahmad Virk","IJI","32005",102,"Sheikhupura",1988
"Munawar Hussain Manj","Independent","27963",102,"Sheikhupura",1988
"Sheikh Muhammad Aslam","PAI","8570",102,"Sheikhupura",1988
"Muhammad Khan Manj","Independent","2632",102,"Sheikhupura",1988
"Farman Ali Bhatti","Independent","1055",102,"Sheikhupura",1988
"Muhammad Arif Awan","PPP","38380",103,"Sheikhupura",1988
"Muhammad Barjees Tahir","Independent","31731",103,"Sheikhupura",1988
"Abdul Lateef Anwar","IJI","13753",103,"Sheikhupura",1988
"Mian Shamim Haider","Independent","13503",103,"Sheikhupura",1988
"Iqbal Haider","Independent","299",103,"Sheikhupura",1988
"Chaudhary Tawakkal Ullah 
Virk","PPP","62180",104,"Sheikhupura",1988
"Haji Naeem Hussain Chatha","IJI","49630",104,"Sheikhupura",1988
"Rai Rashid Ahmad Khan","PPP","40731",105,"Sheikhupura",1988
"Rai Mansab Ali Khan","IJI","28730",105,"Sheikhupura",1988
"Rai Asghar Ali Khan","PAI","9100",105,"Sheikhupura",1988
"Shafqatullah Khan","Independent","1783",105,"Sheikhupura",1988
"Sardar Muhammad Anwaar Ahmad 
Khan","Independent","681",105,"Sheikhupura",1988
"Sahibzada Khizar HayyatKhan","Independent","63993",106,"Kasur",1988
"Sardar Aseff Ahmad Ali","PPP","39468",106,"Kasur",1988
"Mian Khalil Ahmad Sahib","Independent","2140",106,"Kasur",1988
"Malik Muhammad Ashiq","Independent","1229",106,"Kasur",1988
"Major General (R) MuhammadHussain Ansari","PAI","460",106,"Kasur",1988
"Rao Khizar Hayyat 
Khan","IJI","40697",107,"Kasur",1988
"Basit Jehangir Sheikh","PPP","20502",107,"Kasur",1988
"Chaudhary Hakim Ali","Independent","18874",107,"Kasur",1988
"Abdul Qayyum Pahat","PAI","4772",107,"Kasur",1988
"Syeda Nelofar Mehdi","Independent","1880",107,"Kasur",1988
"Sardar Talib Hussain Nakai","IJI","54479",108,"Kasur",1988
"Malik Ashiq Hussain","PPP","38601",108,"Kasur",1988
"Qari Muhammad Ibrahim","JUI-F","3789",108,"Kasur",1988
"Sardar Muhammad Ashiq 
Dogar","PPP","54411",109,"Kasur",1988
"Maulana Mueenuddin Lakhvi","IJI","49894",109,"Kasur",1988
"Rao Sakandar Iqbal","PPP","56230",110,"Okara",1988
"Mian Muhammad Zaman","IJI","45932",110,"Okara",1988
"Major (R) Khalil Akhtar","Indpendent","464",110,"Okara",1988
"Syed Sajjad Haider","IJI","45639",111,"Okara",1988
"Muhammad Saeed","PPP","41078",111,"Okara",1988
"Chaudhary Mehmood Ahmad ( 
Retired )","NPP-K","4216",111,"Okara",1988
"Haji Muhammad Sadiq","Independent","1994",111,"Okara",1988
"Chaudhary Bashir Ahmad","Independent","1809",111,"Okara",1988
"Syed Abid Raza Gillani","Independent","888",111,"Okara",1988
"Rao Farman Ali Khan ( Retired 
)","Independent","489",111,"Okara",1988
"Rao Muhammad Afzal Khan","PPP","49342",112,"Okara",1988
"Mian Nawaz Sharif","IJI","47182",112,"Okara",1988
"Sheikh Muhammad Nawaz","Independent","1488",112,"Okara",1988
"Rao Muhammad Aslam","Independent","1053",112,"Okara",1988
"Mian Manzoor Ahmad Khan","IJI","49099",113,"Okara",1988
"Mian Atta Muhammad Maneka","PPP","45143",113,"Okara",1988
"Syed Yousif Raza Gillani","PPP","58300",114,"Multan",1988
"Mian Nawaz Sharif","IJI","41957",114,"Multan",1988
"Malik Haji Qadir Buksh","Independent","2148",114,"Multan",1988
"Syed Ghulam Yazdani Gillani","Independent","366",114,"Multan",1988
"Pir Riaz Hussain Qureshi","PPP","42059",115,"Multan",1988
"Syed Hamid Saeed Kazmi","PAI","35508",115,"Multan",1988
"Babu Feroz Din Ansari","IJI","24464",115,"Multan",1988
"Ghulam Qasim Khan ( Retired )","Independent","544",115,"Multan",1988
"Doctor Muhammad Mohsin ( 
Retired )","TNFJ","228",115,"Multan",1988
"Wilayat Hussain Gardezi ( 
Retired )","PNP","88",115,"Multan",1988
"Malik Mukhtar Ahmad Awan","PPP","45497",116,"Multan",1988
"Sheikh Muhammad Rasheed","IJI","40849",116,"Multan",1988
"Mohy-ud-din Ahmad Mian","PAI","1430",116,"Multan",1988
"Haji Muhammad Ali","JUI-F","1087",116,"Multan",1988
"Sardar Ghulam Hussain Khan","TNFJ","119",116,"Multan",1988
"Muhammad Siddique KhanKanjoo","IJI","50406",117,"Multan",1988
"Rana Mumtaz Ahmad Khan Noon","PPP","49989",117,"Multan",1988
"Muhammad Zahoor Alam","PAI","4534",117,"Multan",1988
"Mirza Muhammad Nasir Baig","PPP","30746",118,"Multan",1988
"Syed Nasir ud Din Shah Rizvi","PAI","27855",118,"Multan",1988
"Khurshid Ahmad Khan Kanjoo","IJI","26086",118,"Multan",1988
"Muhammad Irshad Abbas Ghallo","Independent","8343",118,"Multan",1988
"Rana Taj Ahmad Noon","PPP","53475",119,"Multan",1988
"Rana Shukat Hayyat Noon","IJI","46363",119,"Multan",1988
"Chaudhary Abdur Razzq","PAI","1973",119,"Multan",1988
"Intazar Muhammad Khan","Independent","925",119,"Multan",1988
"Rana Muhammad Islam ud Din","Independent","568",119,"Multan",1988
"Muhammad Iqbal Noon","Independent","238",119,"Multan",1988
"Chaudhary Abdur Rehman Wahla","PPP","50947",120,"Multan - Khanewal",1988
"Muhammad Javed Hashmi","IJI","48086",120,"Multan - Khanewal",1988
"Altaf Hussain","Independent","879",120,"Multan - Khanewal",1988
"Rao Sadaqat Ali Khan","Independent","731",120,"Multan - Khanewal",1988
"Akhtar Hussain Gill","PMKP","282",120,"Multan - Khanewal",1988
"Mahar Muhammad Iqbal 
Hiraj","PPP","53278",121,"Khanewal GE 88",1988
"Syed Fakhar Imam Shah","IJI","48522",121,"Khanewal GE 88",1988
"Major ( R ) Aftab Ahmad 
Khan Daha","IJI","50798",122,"Khanewal",1988
"Riffar Hayat Khan","PPP","29310",122,"Khanewal",1988
"Mian Masab Haidar Shah 
Khagga","Independent","15265",122,"Khanewal",1988
"Akhtar Hussain Gill","PAI","3965",122,"Khanewal",1988
"Chaudhary Farzand Ali","Indpendent","1252",122,"Khanewal",1988
"Ghulam Haider Wyne","IJI","57315",123,"Khanewal",1988
"Pir Muhammad Aslam Bodla","PPP","55419",123,"Khanewal",1988
"Abdul Rahim Shakir","PAI","3132",123,"Khanewal",1988
"Syed Tauqir Shah","Independent","1955",123,"Khanewal",1988
"Rana Bashir Ahmad Khan","NPP-K","596",123,"Khanewal",1988
"Muhammad Aamir Bodla","Independent","336",123,"Khanewal",1988
"Chaudhary Naurez Shakoor","PPP","61707",124,"Sahiwal",1988
"Anwar ul Haq Ramay","IJI","47965",124,"Sahiwal",1988
"Muhammad Rafiq Safdar","Independent","6811",124,"Sahiwal",1988
"Ch. Muhammad Idress","PAI","1932",124,"Sahiwal",1988
"Chaudary Muhammad Ashraf","IJI","56107",125,"Sahiwal",1988
"Mehar Ghulam Farid Kathia","PPP","48281",125,"Sahiwal",1988
"Muhammad Jamil","Independent","7367",125,"Sahiwal",1988
"Ch. Muhammad Mehmood","Independent","578",125,"Sahiwal",1988
"Rai Ahmad Nawaz Khan","IJI","59077",126,"Sahiwal",1988
"Malik Iqbal Ahmad Khan","PPP","53925",126,"Sahiwal",1988
"Begum Shahnaz Javid","PAI","15336",126,"Sahiwal",1988
"Malik Muhammad Iqbal","Independent","990",126,"Sahiwal",1988
"Mian Ghulam MuhammadAhmad Manika","IJI","54263",127,"Sahiwal",1988
"Rao Muhammad Hashim Khan","PPP","49683",127,"Sahiwal",1988
"Chaudhary Bashir Ahmad","PAI","5750",127,"Sahiwal",1988
"Muhammad Shah Khaga","Independent","2892",127,"Sahiwal",1988
"Raja Shahid Saeed Khan","IJI","60552",128,"Sahiwal",1988
"Rana Naeem Mehmood","PPP","48617",128,"Sahiwal",1988
"Mian Muhammad MumtazKhan Bhabha","PPP","65813",129,"Vehari",1988
"Muhammad Nawaz Khan AiasDilawar Khan Khichi","IJI","62552",129,"Vehari",1988
"Mehar Muhammad Ghulam Ali","Independent","1177",129,"Vehari",1988
"Haji Manzoor Hussain","Independent","734",129,"Vehari",1988
"Javed Masood Tahir","PNDA","388",129,"Vehari",1988
"Akbar Ali Bhatti","IJI","65024",130,"Vehari",1988
"Ahsan Khan Khakwani","PPP","51527",130,"Vehari",1988
"Muhammad Ishaque Tarar","Independent","5877",130,"Vehari",1988
"Syed Shahid Mehdi NaseemShah","IJI","68220",131,"Vehari",1988
"M.S Baqar","PPP","58112",131,"Vehari",1988
"Khawja Kamal uddin Anwar","IJI","60297",132,"D.G Khan",1988
"Manzoor Ahmad Khan Lund","PPP","45590",132,"D.G Khan",1988
"Khawja Attaullah","PAI","13552",132,"D.G Khan",1988
"Malik Ghulam Rasool","TNFJ","551",132,"D.G Khan",1988
"Maulana Fazal ur Rehman (Retired )","JUI-F","244",132,"D.G Khan",1988
"Sardar Farooq Ahmad KhanLeghari","PPP","76099",133,"D.G Khan of General",1988
"Bibi Afifa Mamdoot","IJI","35947",133,"D.G Khan of General",1988
"Khalid Abdullah Khan","PAI","2378",133,"D.G Khan of General",1988
"Nawabzada Sardar AttaMuhammad Khan Laghari","  Independent","991",133,"D.G Khan of General",1988
"Sardar Ashiq MuhammadKhan Mazari","PPP","52936",134,"Rajanpur",1988
"Sardar Nasrullah KhanDarishak","IJI","52542",134,"Rajanpur",1988
"Sardar Sher Baz Khan Mazari","NDP","10565",134,"Rajanpur",1988
"Doctor Zulfiqar Ali Burq","Independent","26454",135,"Muzaffargarh",1988
"Syed Jamil Ahmad HussainBukhari","PPP","25832",135,"Muzaffargarh",1988
"Muhammad Aslam Khan","IJI","12538",135,"Muzaffargarh",1988
"Moulvi Muhammad Luqman","JUI-F","10373",135,"Muzaffargarh",1988
"Syed Afzaal Mustafa","Independent","8406",135,"Muzaffargarh",1988
"Ghulam Shabbir Khan","Independent","5815",135,"Muzaffargarh",1988
"Nazar Abbas Khan","Independent","3949",135,"Muzaffargarh",1988
"Syed Ghulam Abbas Shah (Retired )","Independent","1488",135,"Muzaffargarh",1988
"Nawabzada Nasrullah Khan","PDP","49245",136,"Muzaffargarh",1988
"Mian Atta Muhammad Qureshi","IJI","30120",136,"Muzaffargarh",1988
"Mian Imtiaz Aleem Qureishi","PAI","13467",136,"Muzaffargarh",1988
"Mehr Tanveer Ahmad Jangla","Independent","740",136,"Muzaffargarh",1988
"Malik Ghulam MuhammadMustafa Khar","NPP-K","48877",137,"Muzaffargarh III",1988
"Malik Ghulam MuhammadFakhar-u-lrussal Arbi Khar","IJI","17498",137,"Muzaffargarh III",1988
"Sardar Manzoor Ahmad KhanAdvocate","PPP","9793",137,"Muzaffargarh III",1988
"Muzaffar Mehdi Hashmi","PAI","2151",137,"Muzaffargarh III",1988
"Malik GhulamMuhammad Murtaza Khar ( Retired )","Independent","1522",137,"Muzaffargarh III",1988
"Abdul Rehman","Independent","940",137,"Muzaffargarh III",1988
"ArshadMehmood Khan","Independent","484",137,"Muzaffargarh III",1988
"Ghulam Muhammad Noor RabbaniKhar ( Retired )","Independent","304",137,"Muzaffargarh III",1988
"Doctor SyedAthar Mehdi Kazmi","Independent","237",137,"Muzaffargarh III",1988
"MuhammadAsghar ?( Retired )","Independent","108",137,"Muzaffargarh III",1988
"Mian InamKarim Qureshi ( Retired )","PDP","71",137,"Muzaffargarh III",1988
"Ghulam Muhammad MustafaKhar","Independent","60945",138,"Muzaffargarh ",1988
"Mian Mahar Ahmad Gurmani","PPP","15044",138,"Muzaffargarh ",1988
"Mian Ghulam Abbas (Retired )","Independent","3313",138,"Muzaffargarh ",1988
"Mian Tariq Ahmad Gurmani ( Retired )","IJI","836",138,"Muzaffargarh ",1988
"Ghulam Muhammad Murtaza Khar (Retired)","Independent","428",138,"Muzaffargarh ",1988
"Abdul Rehman","Independent","361",138,"Muzaffargarh ",1988
"Malik Niaz Ahmad Jakhar","PPP","43056",139,"Layyah",1988
"Pir Syed Muhammad KhurshidShah","PAI","34980",139,"Layyah",1988
"Ghulam Fareed Mirani","IJI","13376",139,"Layyah",1988
"Syed Faiz Elahi Shah","Independent","4204",139,"Layyah",1988
"Zulfiqar Khan Niazi (Retired )","Independent","1309",139,"Layyah",1988
"Qari Kifayatullah","Independent","233",139,"Layyah",1988
"Doctor Mazhar Ali KhanMalik","Independent","183",139,"Layyah",1988
"Sahibzada Faiz-ul-Hassan","IJI","31413",140,"Layyah",1988
"Muhammad Behram Khan SeharAdvocate","PPP","27934",140,"Layyah",1988
"Chaudhary Noor Ahmad","Independent","23208",140,"Layyah",1988
"Syed Iftikhar Hussain Naqvi","TNFJ","5992",140,"Layyah",1988
"Muhammad Jahangir Khan (Retired )","PAI","  
      

      

      

			 



          713",140,"Layyah",1988
"Prince Salah-ud-Din Abbasi","Independent","70318",141,"Bahawalpur",1988
"","   
          
          Independent","",141,"Bahawalpur",1988
"","   
          
          Independent","",141,"Bahawalpur",1988
"Muhammad Farooq Azam Malik","ppp","54217",142,"Bahawalpur",1988
"","  
      

			



          Independent","",142,"Bahawalpur",1988
""," 
          
          Independent","",142,"Bahawalpur",1988
"Syed Tasneem Nawaz Gardezi","IJI","63960",143,"Bahawalpur",1988
"","  Independent","",143,"Bahawalpur",1988
"Syed Mumtaz Alam Gillani","PPP","38259",144,"Bahawalnagar",1988
"Syed Muhammad Asgahr Shah","IJI","36919",144,"Bahawalnagar",1988
"Doctor Noor MuhammadGhaffari","Independent","29796",144,"Bahawalnagar",1988
"Mian Muhammad Afzal Watto","PAI","7032",144,"Bahawalnagar",1988
"Col (r)Qamar ul Zaman","Independent","641",144,"Bahawalnagar",1988
"Mian FazalFarid Laleka","Independent","369",144,"Bahawalnagar",1988
"Mian Abdul Sattar KhanLalika","IJI","62940",145,"Bahawalnagar General",1988
"Malik Muhammad Qasim","PML-MQ","55052",145,"Bahawalnagar General",1988
"Sahibzada Noor Hassan","Independent","3134",145,"Bahawalnagar General",1988
"Sultan Ahmad","Independent","2689",145,"Bahawalnagar General",1988
"MianMuhammad Saleem Moharvi","PAI","2688",145,"Bahawalnagar General",1988
"MianMuhammad Khalid Laleka","JAHP","2599",145,"Bahawalnagar General",1988
"MianMuhammad Tayyab Watto","Independent","550",145,"Bahawalnagar General",1988
"Abdul Ghafoor Chaudhary","IJI","58765",146,"Bahawalnagar GE 1988",1988
"Muhammad Afzak Sindhu","PPP","57889",146,"Bahawalnagar GE 1988",1988
"Doctor Mian Ehsan Bari","Independent","10019",146,"Bahawalnagar GE 1988",1988
"MuhammadRafiq Gill","PAI","2457",146,"Bahawalnagar GE 1988",1988
"Abdul MajidMian ( Retired )","Independent","1778",146,"Bahawalnagar GE 1988",1988
"Mehmood Ali( Retired )","Independent","845",146,"Bahawalnagar GE 1988",1988
"Syed Ahmad Alam Anwar","IJI","51863",147,"Rahim Yar Khan",1988
"Moulana Siraj Ahmad","PPP","35948",147,"Rahim Yar Khan",1988
"HajiMuhammad Saifullah Khan","Independent","14339",147,"Rahim Yar Khan",1988
"SyedIftikhar Hussain Gillani","Independent","1567",147,"Rahim Yar Khan",1988
"Rais GhulamAhmad ( Retired )","Independent","1238",147,"Rahim Yar Khan",1988
"Khawja JamalMuhammad Koreja (Retired)","Independent","776",147,"Rahim Yar Khan",1988
"Syed NazarHussain Shamsi","TNFJ","628",147,"Rahim Yar Khan",1988
"HajiMuhammad Sharif","Independent","548",147,"Rahim Yar Khan",1988
"Makhdoom Rukun-ud-Din","PPP","43110",148,"Rahimyar Khan General",1988
"Makhdoom Shahab ud Din","IJI","38586",148,"Rahimyar Khan General",1988
"Makhdoom Imaduddin","Independent","22139",148,"Rahimyar Khan General",1988
"Mian AbdulKhaliq","NPP-K","987",148,"Rahimyar Khan General",1988
"Syed GhulamMurtaza Shah ( Retired )","TNFJ","141",148,"Rahimyar Khan General",1988
"MianAbdul Khaliq","IJI","60847",149,"Rahim Yar Khan",1988
"SheikhFayyaz Uddin","PPP","55745",149,"Rahim Yar Khan",1988
"MakhdoomNoor Muhammad","PAI","19226",149,"Rahim Yar Khan",1988
"Rais Shabbir Ahmad","IJI","46784",150,"Rahimyar Khan",1988
"Sardar Muhammad Aslam Khan","PPP","46047",150,"Rahimyar Khan",1988
"Sardar Rafiq Haidar KhanLeghari","Independent","30700",150,"Rahimyar Khan",1988
"Syed Saleh Muhammad Shah (RTD)","Independent","611",150,"Rahimyar Khan",1988
"ChaudharyBashir Ahmad","Independent","500",150,"Rahimyar Khan",1988
"Syed AliAkbar Mehmood ( Retired )","Independent","374",150,"Rahimyar Khan",1988
"Syed AhmadMehmood (Retired )","Independent","317",150,"Rahimyar Khan",1988
"Ali Hassan Mangi","PPP","57751",151,"Sukkar",1988
"Islamuddin Sheikh S/O NoorMuhammad Shaikh","IJI","30672",151,"Sukkar",1988
"Abdul Qayyum Shaikh","Independent","9724",151,"Sukkar",1988
"Abdul Sattar","Independent","1986",151,"Sukkar",1988
"Sadiq Khan","Independent","757",151,"Sukkar",1988
"BahauddinShaikh","Independent","498",151,"Sukkar",1988
"NooruddinShaikh","Independent","381",151,"Sukkar",1988
"Tariq Azuz","Independent","352",151,"Sukkar",1988
"MuhammadYaqoob","Independent","227",151,"Sukkar",1988
"MuftiMuhammad Hussain Qadri ( Retired )","Independent","179",151,"Sukkar",1988
"Islam ud DinS/O Abdul Qadir","Independent","139",151,"Sukkar",1988
"Taj Muhammad","Independent","64",151,"Sukkar",1988
"Mian MumtazRabbani","Independent","60",151,"Sukkar",1988
"AttaullahKhan","Independent","58",151,"Sukkar",1988
"ShaikhAmanullah Advocate","Independent","42",151,"Sukkar",1988
"Haji JanMuhammad ( Retired )","Independent","30",151,"Sukkar",1988
"Sikandar AliMangi","Independent","19",151,"Sukkar",1988
"Fakir Abdul Haque @ MianMitho","PPP","53646",152,"Sukkar",1988
"Sardar Ghulam Muhammad Khan Mahar","IJI","25196",152,"Sukkar",1988
"Molvi Abdul Samad","JUI-F","4998",152,"Sukkar",1988
"Taj Muhammad","Independent","635",152,"Sukkar",1988
"ShahMuhammad Shaikh","Independent","259",152,"Sukkar",1988
"Nasir Ahmad","Independent","201",152,"Sukkar",1988
"Nisar AhmadKhan Lund","Independent","109",152,"Sukkar",1988
"AttaullahKhan","Independent","46",152,"Sukkar",1988
"GhulamMustafa Baloch","Independent","24",152,"Sukkar",1988
"Noor Muhammad Khan Lund","PPP","52562",153,"Sukkar GE 1988",1988
"Ahmad Yar Khan","IJI","27982",153,"Sukkar GE 1988",1988
"Abdul Wahab","JUI-F","774",153,"Sukkar GE 1988",1988
"Nisar Ahmad","Independent","625",153,"Sukkar GE 1988",1988
"Agha Tariq Khan","PPP","41244",154,"Shikarpur",1988
"Elahi Bux Soomro","IJI","17389",154,"Shikarpur",1988
"Molvi Ghulam Qadir","JUI-F","6707",154,"Shikarpur",1988
"Rahim Baksh Somro","Independent","772",154,"Shikarpur",1988
"Agha Atta Muhammad Khan","PPP","40621",155,"Shikarpur",1988
"Rahim Bux Soomro","Independent","5619",155,"Shikarpur",1988
"Syed Aziz Ahmad Shah","JUI-F","4394",155,"Shikarpur",1988
"Aijaz Khan Bhayo","Independent","332",155,"Shikarpur",1988
"AghaMasihuddin Khan","Independent","297",155,"Shikarpur",1988
"Illahi BukshSoomro","IJI","176",155,"Shikarpur",1988
"Sardar Muhammad MuqeemKhan","PPP","69222",156,"Jacobabad",1988
"Taj Muhammad Jamali","IJI","8616",156,"Jacobabad",1988
"Gul Sher Khan Jakhrani","NDP","1116",156,"Jacobabad",1988
"Liaqat Ali Barohi","Independent","943",156,"Jacobabad",1988
"Tariq AzizBurino","Independent","282",156,"Jacobabad",1988
"ImdadHussain Burino","Independent","175",156,"Jacobabad",1988
"Illahi BuxSoomro","Independent","131",156,"Jacobabad",1988
"Afzal KhanKhoso ( Retired )","Independent","44",156,"Jacobabad",1988
"Mir Mehran Khan Bijarani","PPP","32532",157,"Jacobabad",1988
"Mir Allah Jiwayo Bijarani","Independent","23940",157,"Jacobabad",1988
"Muhammad Yousif Jakhrani","NDP","4243",157,"Jacobabad",1988
"Hakim Ali Sunderani","Independent","336",157,"Jacobabad",1988
"Elahi BukshSunderani","Independent","201",157,"Jacobabad",1988
"Zafar Ali Shah","PPP","71850",158,"Nawabshah",1988
"Ghulam Mustafa Khan","IJI","30490",158,"Nawabshah",1988
"Ghulam Mujtaba Khan","Independent","940",158,"Nawabshah",1988
"Syed Sarfraz Hussain","Independent","379",158,"Nawabshah",1988
"Mian GhausMuhammad","Independent","127",158,"Nawabshah",1988
"Haji Rehmatullah Behan","PPP","46143",159,"Nawabshah",1988
"Ghulam Mustafa Khan Jatoi","IJI","31110",159,"Nawabshah",1988
"Muhammad Younis Behan","Independent","1074",159,"Nawabshah",1988
"Ghulam Mustafa Jamali","Independent","440",159,"Nawabshah",1988
"KhanMuhammad Khan Behan","Independent","154",159,"Nawabshah",1988
"Haji KhanBehan","Independent","107",159,"Nawabshah",1988
"AbdullahJessar","Independent","97",159,"Nawabshah",1988
"Zafar AliShah","Independent","94",159,"Nawabshah",1988
"GhulamMujtaba Khan","Independent","52",159,"Nawabshah",1988
"Hakim Ali Zardari","PPP","35591",160,"Nawabshah",1988
"Haji Syed Noor MuhammadShah","IJI","18522",160,"Nawabshah",1988
"Shabir Ahmad","Independent","14275",160,"Nawabshah",1988
"Syed Ali Asghar Shah","Independent","14120",160,"Nawabshah",1988
"Dil MuradJamali","Independent","1297",160,"Nawabshah",1988
"MuahmmadNazim Khoja","Independent","780",160,"Nawabshah",1988
"Syed Shabir Ahmad Shah","PPP","51972",161,"Nawab Shah GE 1988",1988
"Muhammad Saleh","IJI","13225",161,"Nawab Shah GE 1988",1988
"Ghulam Rasool","Independent","623",161,"Nawab Shah GE 1988",1988
"Abdul Rasheed Alias Gagar","Independent","364",161,"Nawab Shah GE 1988",1988
"Syed Amir Hussain Shah","Independent","276",161,"Nawab Shah GE 1988",1988
"Pir MehboobShah Rashdi","Independent","126",161,"Nawab Shah GE 1988",1988
"Syed BashirAhmad Shah","Independent","111",161,"Nawab Shah GE 1988",1988
"GhulamMustafa Shah","Independent","106",161,"Nawab Shah GE 1988",1988
"Syed Pervez Ali ShahJillani","PPP","88151",162,"
      Complete Result of NA162 Khairpur",1988
"Pir Syed Ali Mardhan Shah PirPaggara","Independent","34363",162,"
      Complete Result of NA162 Khairpur",1988
"Shah Muhammad Shaikh","Independent","573",162,"
      Complete Result of NA162 Khairpur",1988
"Syed Amjad Ali Shah","Independent","519",162,"
      Complete Result of NA162 Khairpur",1988
"Maulana Bahauddin Phulpato","JUI-F","468",162,"
      Complete Result of NA162 Khairpur",1988
"Pir Syed Abdul QadirShah","PPP","87319",163,"Khairpur",1988
"Pir Saddaruddin Shah","Independent","30108",163,"Khairpur",1988
"Abdul Salam","Independent","1355",163,"Khairpur",1988
"Fazal Muhammad","Independent","290",163,"Khairpur",1988
"Begum Nusrat Bhutto","PPP","83449",164,"Larkana",1988
"Hamida Begum","PNP","4524",164,"Larkana",1988
"Moulana Jan Muhammad Abbasi","IJI","2344",164,"Larkana",1988
"Shah Muhammad Shaikh","Independent","179",164,"Larkana",1988
"Begum Ashraf Abbassi","PPP","",165,"Larkana",1988
"","IJI","",165,"Larkana",1988
"","Independent","",165,"Larkana",1988
"Mohtarma Benazir Bhutto","PPP","",166,"Larkana",1988
"","","",166,"Larkana",1988
"","","",166,"Larkana",1988
"","","",166,"Larkana",1988
"","","",166,"Larkana",1988
"Makhdoom Amin Faheem","PPP","",167,"Hyederabad",1988
"","","",167,"Hyederabad",1988
"","","",167,"Hyederabad",1988
"","","",167,"Hyederabad",1988
"","","",167,"Hyederabad",1988
"","","",167,"Hyederabad",1988
"","","",167,"Hyederabad",1988
"","","",167,"Hyederabad",1988
"","","",167,"Hyederabad",1988
"","","",167,"Hyederabad",1988
"","","",167,"Hyederabad",1988
"","","",167,"Hyederabad",1988
"","","",167,"Hyederabad",1988
"","","",167,"Hyederabad",1988
"","","",167,"Hyederabad",1988
"","","",167,"Hyederabad",1988
"","","",167,"Hyederabad",1988
"","","",167,"Hyederabad",1988
"","","",167,"Hyederabad",1988
"","","",167,"Hyederabad",1988
"","","",167,"Hyederabad",1988
"Aftab Ahmad Sheikh","Independent","",168,"Hyederabad",1988
"","","",168,"Hyederabad",1988
"","","",168,"Hyederabad",1988
"","","",168,"Hyederabad",1988
"","","",168,"Hyederabad",1988
"","","",168,"Hyederabad",1988
"","","",168,"Hyederabad",1988
"","","",168,"Hyederabad",1988
"Rashid Ahmad Khan","PPP","",169,"Hyederabad",1988
"","","",169,"Hyederabad",1988
"","","",169,"Hyederabad",1988
"","","",169,"Hyederabad",1988
"","","",169,"Hyederabad",1988
"","","",169,"Hyederabad",1988
"","","",169,"Hyederabad",1988
"Qazi Abdul Majeed Abid","PPP","50869",170,"Hyederabad",1988
"Meer Inayat Ali Khan Talpur","Independent","15287",170,"Hyederabad",1988
"Mir Mumtaz Ali Khan Talpur","Independent","2707",170,"Hyederabad",1988
"Syed MohsanShah","Independent","157",170,"Hyederabad",1988
"Mir MushtaqAli Khan Talpur","Independent","91",170,"Hyederabad",1988
"Bashir AhmadHalipora","Independent","34",170,"Hyederabad",1988
"Nawab AbdulGhani Talpur","Independent","19",170,"Hyederabad",1988
"","","",170,"Hyederabad",1988
"Makdoom Ghulam Muhammad Khalique uz zamam","PPP","61838",171,"Hyederabad",1988
"Syed Umeed Ali Shah","IJI","22381",171,"Hyederabad",1988
"Abdul Ghazni Khan","Independent","263",171,"Hyederabad",1988
"Syed Ali NawazShah","Independent","180",171,"Hyederabad",1988
"Abdullah Halepoto","PPP","",172,"Badin",1988
"","Independent","",172,"Badin",1988
"","Independent","",172,"Badin",1988
"","Independent","",172,"Badin",1988
"","Independent","",172,"Badin",1988
"Bashir Ahmad Halepoto","PPP","",173,"Badin",1988
"","Independent","",173,"Badin",1988
"","Independent","",173,"Badin",1988
"Syed Qurban Ali Shah","PPP","39471",174,"Tharparkar",1988
"Anees Ahmad Khan","Independent","30759",174,"Tharparkar",1988
"Pir Aftab Hussain ShahGillani","IJI","17523",174,"Tharparkar",1988
"GeneralBashir Khan","Independent","4001",174,"Tharparkar",1988
"Inamuddin","Independent","913",174,"Tharparkar",1988
"AshrafLiaquat Ali Khan","PAI","782",174,"Tharparkar",1988
"DoctorMasoom Ali","Independent","712",174,"Tharparkar",1988
"Haidar AliMulji","Independent","325",174,"Tharparkar",1988
"MuhammadUsman","Independent","299",174,"Tharparkar",1988
"ChaudharyMuhammad Aslam","Independent","129",174,"Tharparkar",1988
"FaqirMuhammad","Independent","108",174,"Tharparkar",1988
"MuhammadKhan Junejo","Independent","96",174,"Tharparkar",1988
"AbdulGhaffar Qureishi","Independent","93",174,"Tharparkar",1988
"QayoomShahid","Independent","76",174,"Tharparkar",1988
"Amir Bux","Independent","71",174,"Tharparkar",1988
"Mir AliNawaz","Independent","58",174,"Tharparkar",1988
"MuhammadAmin","Independent","49",174,"Tharparkar",1988
"Pir ShafqatHussain Shah","Independent","42",174,"Tharparkar",1988
"Ali Nawaz Shah","PPP","34323",175,"Tharparkar",1988
"Haji Khair MuhammadBhurgari","Independent","18418",175,"Tharparkar",1988
"Haji Muhammad Shafi","Independent","13147",175,"Tharparkar",1988
"NoorMuhammad","Independent","565",175,"Tharparkar",1988
"Mir Ali BuxTalpur (Retired)","Independent","435",175,"Tharparkar",1988
"Mir GhulamNabi (Retired)","Independent","435",175,"Tharparkar",1988
"Shabir Ahmad","Independent","369",175,"Tharparkar",1988
"Ghulam Khan","Independent","281",175,"Tharparkar",1988
"Pir AftabHussain Shah Jillani","Independent","249",175,"Tharparkar",1988
"Hussain AliShah","Independent","239",175,"Tharparkar",1988
"Mir BehramKhan Talpur","Independent","235",175,"Tharparkar",1988
"Ghulam Akbar","Independent","143",175,"Tharparkar",1988
"GhulamMustafa Khaskheli","Independent","53",175,"Tharparkar",1988
"Arbab Amir Hussain","Independent","41279",176,"Tharparkar",1988
"Gul Muhammad","PPP","38469",176,"Tharparkar",1988
"Jam Saqi","Independent","1752",176,"Tharparkar",1988
"Murad Ali","Independent","796",176,"Tharparkar",1988
"Haji GhulamMuahmamd","Independent","464",176,"Tharparkar",1988
"Malik Asad Sikandar Khan","PPP","61451",177,"Dadu",1988
"Rehmat Khan","Independent","9887",177,"Dadu",1988
"Syed Bachal Shah","Independent","1238",177,"Dadu",1988
"SyedMuhammad Yousif","Independent","495",177,"Dadu",1988
"Hussain ShahRashdi","Independent","220",177,"Dadu",1988
"Pir BukshKahskheli","Independent","86",177,"Dadu",1988
"Haji Muhammad Bux","PPP","63824",178,"Dadu",1988
"Liaqat Ali Khan","PNP","12232",178,"Dadu",1988
"Ashiq Hussain ( Retired )","IJI","252",178,"Dadu",1988
"Syed GhulamShah","Independent","192",178,"Dadu",1988
"Haji Zafar Ali Leghari","PPP","63179",179,"Dadu",1988
"Abdul Hamid Khan","PNP","17075",179,"Dadu",1988
"Muhammad Khan","Independent","3887",179,"Dadu",1988
"Pir Syed AliAkbar Shah","Independent","217",179,"Dadu",1988
"MuhammadAshraf","Independent","Retired",179,"Dadu",1988
"Pir Syed Ali Gohar Shah","Independent","52725",180,"Sanghar",1988
"Zahoor Alam Khan Rind","PPP","30257",180,"Sanghar",1988
"Muzaffar Khan","IJI","639",180,"Sanghar",1988
"Maulvi AbdulGhafor","JUI-F","423",180,"Sanghar",1988
"Shah Nawaz Junejo","PPP","49879",181,"Sanghar GE 1988",1988
"Muhammad Khan Junejo","IJI","30942",181,"Sanghar GE 1988",1988
"Muhammad Ayub Sheikh","Independent","24104",181,"Sanghar GE 1988",1988
"Molvi AbdulGhani","JUI-F","1047",181,"Sanghar GE 1988",1988
"Abdul SattarGhori","Independent","301",181,"Sanghar GE 1988",1988
"Roshan DinJunejo","Independent","266",181,"Sanghar GE 1988",1988
"Abdul AzizGhori","Independent","247",181,"Sanghar GE 1988",1988
"Abdul SalamThahim","Independent","185",181,"Sanghar GE 1988",1988
"Ghulam Hussain AliasBabu","PPP","53289",182,"Thatta",1988
"Rasool Bux Palijo","ANP","9813",182,"Thatta",1988
"Abdul Hameed Memon","Independent","1358",182,"Thatta",1988
"Munsib AliAnsari","Independent","227",182,"Thatta",1988
"Agha AkbarAli","Independent","144",182,"Thatta",1988
"MuhammadKhan Soomro","Independent","49",182,"Thatta",1988
"Ghulam Mustafa Shah","PPP","37332",183,"Thatta",1988
"Khan Muhammad","Independent","8181",183,"Thatta",1988
"Abdul Ghafoor Molvi","JUI-F","4464",183,"Thatta",1988
"Muhammad Arah","Independent","397",183,"Thatta",1988
"Syed Amir Haidar Kazmi","PPP","33606",184,"Karachi",1988
"Muhammad Amin Lakhani","Independent","33403",184,"Karachi",1988
"Ghulam Sarwar Malik","PPIS","29078",184,"Karachi",1988
"Haji Muhammad Sher Khan","ANP","12370",184,"Karachi",1988
"MuhammadAshraf","Independent","5015",184,"Karachi",1988
"Muhammad AzamKhan","Independent","1118",184,"Karachi",1988
"Sufi Ayaz KhanNiazi","PAI","611",184,"Karachi",1988
"MuhammadIshaque","Independent","544",184,"Karachi",1988
"Fateh SherKhan","Independent","497",184,"Karachi",1988
"Moulana AbdulRazzak Aziz","Independent","395",184,"Karachi",1988
"Syed Salim ul Haq","Independent","82310",185,"Karachi West",1988
"Muhammad Afaque Khan","PPP","18545",185,"Karachi West",1988
"Haji Ghulam Hussain","ANP","9366",185,"Karachi West",1988
"Azad BinHyder","IJI","8951",185,"Karachi West",1988
"Abdul RaziKhan","Independent","842",185,"Karachi West",1988
"Naeemul Haq","PAI","825",185,"Karachi West",1988
"SalehMuhammad","PMAI","399",185,"Karachi West",1988
"Syed AleemDin Ahmad","Independent","253",185,"Karachi West",1988
"Abdul MananShamse","Independent","134",185,"Karachi West",1988
"Sh. MuahmamdZaheer uddin Babar","Independent","88",185,"Karachi West",1988
"Kanwar Khalid Younis","Independent","87919",186,"Karachi",1988
"Professor Ghafoor Ahmad","IJI","22805",186,"Karachi",1988
"Syed Amir Haidar Kazmi","PPP","9798",186,"Karachi",1988
"Noor-ul-Huda","JUI-F","3065",186,"Karachi",1988
"MuhammadAsif Qasimi","Independent","496",186,"Karachi",1988
"Rana M G KPasha","PML-Q","356",186,"Karachi",1988
"MuhammadShahid","Independennt","107",186,"Karachi",1988
"Imran Farooq","Independent","93499",187,"Karachi Central",1988
"Muzaffar Ahmad Hashmi","IJI","12125",187,"Karachi Central",1988
"Shahid Iqbal","PPP","5895",187,"Karachi Central",1988
"Shah Faridul Haq","PAI","3375",187,"Karachi Central",1988
"Syed HashimAli","Independent","321",187,"Karachi Central",1988
"Arif HussainQasmi","Independent","123",187,"Karachi Central",1988
"Syed Muhammad Aslam","Independent","131012",188,"Karachi Central",1988
"Muhammad Usman Ramz","IJI","18257",188,"Karachi Central",1988
"Rafiuddin Burny","PPP","8267",188,"Karachi Central",1988
"Moulana JameelAhmad Naeemi","PAI","2342",188,"Karachi Central",1988
"Syed SaeedHassan","Independent","778",188,"Karachi Central",1988
"Benazir Bhutto","PPP","62046",189,"Karachi South",1988
"Jasmshed Ahmad Khan","IJI","10730",189,"Karachi South",1988
"Muhammad Rafique","Independent","6598",189,"Karachi South",1988
"MuhammadYounas Baloch","Independent","5360",189,"Karachi South",1988
"Zahidullah","PPIS","3048",189,"Karachi South",1988
"MuhammadYousaf","Independent","954",189,"Karachi South",1988
"HajiMuhammad Ramzan","Independent","874",189,"Karachi South",1988
"MuhammadMujeeb ur Rehman","PML-Q","342",189,"Karachi South",1988
"Tajuddin","Independent","195",189,"Karachi South",1988
"Muhammad Farooq Sattar","Independent","40716",190,"Bahawalnagar GE 1988",1988
"Habib","Independent","32082",190,"Bahawalnagar GE 1988",1988
"Muhammad Hussain","IJI","16028",190,"Bahawalnagar GE 1988",1988
"Moulana ShahAhmad Noorani Siddiqui","PAI","9885",190,"Bahawalnagar GE 1988",1988
"MuhammadSaleem","Independent","512",190,"Bahawalnagar GE 1988",1988
"MuhammadIlyas Siddiqui","Independent","199",190,"Bahawalnagar GE 1988",1988
"MuhammadHussain Dhanji","Independent","173",190,"Bahawalnagar GE 1988",1988
"Abdul Sattar","Independent","117",190,"Bahawalnagar GE 1988",1988
"Syed Tariq Mehmood","Independent","36746",191,"Karachi South",1988
"Ghulam Sarwar Malik","PPIS","28145",191,"Karachi South",1988
"Tariq Sohail","PPP","12734",191,"Karachi South",1988
"Shailj AbdulKhaliq Allahwala","IJI","4517",191,"Karachi South",1988
"KhanAmanullah Khan","PML-Q","1498",191,"Karachi South",1988
"Air Marshal(R) Muhammad Asghar Khan","PAI","1302",191,"Karachi South",1988
"Saleem Zia","Independent","324",191,"Karachi South",1988
"Feroz Ahmad","Independent","148",191,"Karachi South",1988
"Nafees AhmadSiddiqui","Independent","114",191,"Karachi South",1988
"Doctor AnwarAbbas Naqvi","Independent","103",191,"Karachi South",1988
"MuhammadYousif","Independent","79",191,"Karachi South",1988
"Mian Mujeebur Rehman","Independent","8",191,"Karachi South",1988
"Dr. Muhammad FarooqueSattar","Indpendent","57609",192,"Karachi East",1988
"Piyar Ali Alana","PPP","13791",192,"Karachi East",1988
"Zuhair Akram Nadeem","IJI","13015",192,"Karachi East",1988
"MuhammadAslam Nooruddin","Independent","4376",192,"Karachi East",1988
"TariqueSaeed","PAI","1485",192,"Karachi East",1988
"GhulamMurtaza Durrani","Independent","367",192,"Karachi East",1988
"WahajuddinChishti","Independent","194",192,"Karachi East",1988
"MuhammadHussain (Retired)","Independent","112",192,"Karachi East",1988
"Zafar AzizBajwa","Independent","89",192,"Karachi East",1988
"Ahtaram ulHaq Thanvi","Independent","47",192,"Karachi East",1988
"Abdul Sattar( Retired )","Independent","46",192,"Karachi East",1988
"Syed Muhammad ZakariyaKazmi","Independent","62038",193,"Karachi East",1988
"Syed Munawar Hassan","IJI","18039",193,"Karachi East",1988
"Abdul Hameed Khanzada","PPIS","13740",193,"Karachi East",1988
"Fateh YabAli Khan","PMKP","3070",193,"Karachi East",1988
"Mian AijazShafi","Independent","698",193,"Karachi East",1988
"Jawad AhmadSiddiqui","Independent","577",193,"Karachi East",1988
"Shamim Pasha","Independent","517",193,"Karachi East",1988
"Abdul RazzakRajwani (Retired)","Independent","334",193,"Karachi East",1988
"Khalid AhmadNainitalwala ( Retired )","Independent","293",193,"Karachi East",1988
"Syed LaiqAhmad","Independent","163",193,"Karachi East",1988
"DoctorMuhammad Ramzan Zia Rana","Independent","118",193,"Karachi East",1988
"S. M Aslam","Independent","45",193,"Karachi East",1988
"ZainulAabedin ( Retired )","Independent","43",193,"Karachi East",1988
"Syed Amin Ul Haq","Independent","59710",194,"Karachi East",1988
"","","",194,"Karachi East",1988
"","","",194,"Karachi East",1988
"","","",194,"Karachi East",1988
"","","",194,"Karachi East",1988
"Mahmood Hussain Hashmi","Independent","81097",195,"Karachi East",1988
"","","",195,"Karachi East",1988
"","","",195,"Karachi East",1988
"","","",195,"Karachi East",1988
"","","",195,"Karachi East",1988
"","","",195,"Karachi East",1988
"","","",195,"Karachi East",1988
"","","",195,"Karachi East",1988
"","","",195,"Karachi East",1988
"","","",195,"Karachi East",1988
"Waseem Ahmad","Indepdnent","73612",196,"Karachi East",1988
"Syed Sagheer Husain Jafri","PPP","32015",196,"Karachi East",1988
"Shahzada Tariq","PPIS","15063",196,"Karachi East",1988
"Syed Zaheer UlHussain JIllani","PAI","1019",196,"Karachi East",1988
"Syed Zakir Ali","Independent","342",196,"Karachi East",1988
"Haji MuhammadRamzan","Independent","273",196,"Karachi East",1988
"Shahar YarMirza","Independent","159",196,"Karachi East",1988
"Syed MuhammadAbne Hassan","Independent","132",196,"Karachi East",1988
"Hafiz Hussain Ahmad","JUI-F","23903",197,"Quetta",1988
"Fateh Muhammad MuhammadHasni","IJI","21421",197,"Quetta",1988
"Sardar Raza Muhammad Khan","PMAI","12649",197,"Quetta",1988
"Abdul Waheed","Independent","12475",197,"Quetta",1988
"YahyaBakhtiar","PPP","11931",197,"Quetta",1988
"Sardar AhmadNawaz Khan","PNP","11515",197,"Quetta",1988
"HajiMuhammad Musa","TNFJ","9082",197,"Quetta",1988
"DoctorInayatullah Khan","ANP","6356",197,"Quetta",1988
"Khudai Noor","PAI","1206",197,"Quetta",1988
"Ali AhmadKurd","BNA","665",197,"Quetta",1988
"Haji WaliMuhammad","Independent","592",197,"Quetta",1988
"Sardar NadirKhan","Independent","412",197,"Quetta",1988
"Mir MuhammadAkbar","Independent","280",197,"Quetta",1988
"NawabzadaAurungzaib Jogezai","Independent","139",197,"Quetta",1988
"Maulvi Abdul Ghani","JUI-F","24959",198,"Pishin",1988
"Doctor Kaleem Ullah","PMAI","19343",198,"Pishin",1988
"Muhammad Sarwar Khan","IJI","10543",198,"Pishin",1988
"Azizullah","ANP","5968",198,"Pishin",1988
"AminullahKhan","Independent","1761",198,"Pishin",1988
"Buismillah","PNP","632",198,"Pishin",1988
"Para DinKhan","PPP","565",198,"Pishin",1988
"MuhammadAhmad","Independent","460",198,"Pishin",1988
"MuhammadAkram Khan (Retired)","Independent","433",198,"Pishin",1988
"Malik AmirJan","Independent","411",198,"Pishin",1988
"Haji AbdulZahir","Independent","373",198,"Pishin",1988
"Mir Baz Muhammad Khan","PPP","11484",199,"Loralai",1988
"Sardar Muhammad Yaqoob KhanNasir","IJI","11003",199,"Loralai",1988
"Molvi Abdul Aziz","JUI-F","9326",199,"Loralai",1988
"Haji Tareen","Independent","4749",199,"Loralai",1988
"Abdullah Jan","Independent","1976",199,"Loralai",1988
"Abdul Rehman","ANP","1424",199,"Loralai",1988
"Molvi KhaliqDad","JUI-D","1273",199,"Loralai",1988
"Said Muhammad","Independent","1262",199,"Loralai",1988
"Qaisar Khan","MQM","282",199,"Loralai",1988
"SikandarHayyat Khan","Independent","272",199,"Loralai",1988
"Abdul Ghaffar","Independent","248",199,"Loralai",1988
"Muhammad Nawaz","PNP","246",199,"Loralai",1988
"Mohammad AliShaikh","Independent","20",199,"Loralai",1988
"HidayatullahKhan","Independent","14",199,"Loralai",1988
"Tahir HussainShah","Independent","10",199,"Loralai",1988
"Maulvi Muhammad KhanSherani","JUI-F","13307",200,"Zhob",1988
"Molvi Allad Dad","JUI-D","5224",200,"Zhob",1988
"Muhammad Usman Kakar","PMAI","3239",200,"Zhob",1988
"Wazir AhmadJogezai","IJI","2294",200,"Zhob",1988
"SheikhMuhammad Yar Khan","ANP","1430",200,"Zhob",1988
"Haji Allah Dad","Independent","1085",200,"Zhob",1988
"SardarHayatullah Khan","PPP","1077",200,"Zhob",1988
"Ahmad Yar KhanJogezai","Independent","627",200,"Zhob",1988
"Malik BazMuhammad Khan","Independent","599",200,"Zhob",1988
"Sardar QutabKhan","Independent","289",200,"Zhob",1988
"Haji NoorMuhammad Khan Sherani","PNP","178",200,"Zhob",1988
"Mian FarooqAhmad","Independent","27",200,"Zhob",1988
"Mir Khan Mahar","Independent","21",200,"Zhob",1988
"Ziauddin KhanChacher","Independent","19",200,"Zhob",1988
"Abdul BarifPitafi","Independent","16",200,"Zhob",1988
"Hazar KhanMahar","Independent","11",200,"Zhob",1988
" Arif Hussain","  Independent","  9",200,"Zhob",1988
"Mir Tariq Hussain Magsi","Independent","21625",201,"Kachhi",1988
"Doctor Abdul Hayee Baloch","BNA","12784",201,"Kachhi",1988
"Mir Muhammad Ismail Satakzai","PPP","3801",201,"Kachhi",1988
"Sardar DhaniBaksh Lashari","PNP","1947",201,"Kachhi",1988
"Shah NawazKurd","Independent","1502",201,"Kachhi",1988
"Haji MuhammadAyub Bangalzi","JUI-F","1367",201,"Kachhi",1988
"Malik MuhammadRamzan Baloch","Independent","413",201,"Kachhi",1988
"Mir Ilahi BuxMagsi","Independent","170",201,"Kachhi",1988
"Saleem Akbar Bugti","Independent","16945",202,"Sibi cum Kohlu cum Dera Bugti Cum Ziarat",1988
"Ghulam Qadir Bugti","Independent","7362",202,"Sibi cum Kohlu cum Dera Bugti Cum Ziarat",1988
"Abdul Rahim","PMAI","7322",202,"Sibi cum Kohlu cum Dera Bugti Cum Ziarat",1988
"Mir Nihalan","IJI","2304",202,"Sibi cum Kohlu cum Dera Bugti Cum Ziarat",1988
"Maula Dad","ANP","1387",202,"Sibi cum Kohlu cum Dera Bugti Cum Ziarat",1988
"Mir Zafar Ullah KhanJamali","IJI","50854",203,"Jaffarabad",1988
"Mir Nabi Bux Khan Khosa","Independent","17195",203,"Jaffarabad",1988
"Taj Muhammad","JUI-F","2134",203,"Jaffarabad",1988
"Haji ShahNawaz Khan","PPP","801",203,"Jaffarabad",1988
"Mir MuhammadAkbar Khan","Independent","760",203,"Jaffarabad",1988
"Jahangir Khan","Independent","492",203,"Jaffarabad",1988
"Moulvi Muhammad SiddiqueShah","JUI-F","19356",204,"Kalat / Kharan GE 1988",1988
"Malik Haji Abdus Samad","PNP","8127",204,"Kalat / Kharan GE 1988",1988
"Mobeen Khan","BNA","6165",204,"Kalat / Kharan GE 1988",1988
"Moulana HabibAhmad","PAI","5024",204,"Kalat / Kharan GE 1988",1988
"Haji NaseerAhmad","PPP","4484",204,"Kalat / Kharan GE 1988",1988
"PrinceMuhyuddin","IJI","2686",204,"Kalat / Kharan GE 1988",1988
"Sardar RasheedKhan","Independent","1612",204,"Kalat / Kharan GE 1988",1988
"Abdul Haq","Independent","424",204,"Kalat / Kharan GE 1988",1988
"Haji ShahSaleem","Independent","184",204,"Kalat / Kharan GE 1988",1988
"Mir Israrullah","Independent","264",204,"Kalat / Kharan GE 1988",1988
"Mir Muhammad Arif","BNA","15206",205,"Khuzdar",1988
"Mir Ghousa Bux Bizanjo","PNP","11805",205,"Khuzdar",1988
"Molvi Qamaruddin","JUI-F","8828",205,"Khuzdar",1988
"Mir Gohar Khan","Independent","4766",205,"Khuzdar",1988
"Abdul HamidAnsaei (Retired)","Independent","842",205,"Khuzdar",1988
"Saeed AhmadShah (Retired)","Indepdendent","472",205,"Khuzdar",1988
"Qari AbdurRasheed Muhammad Akbar","Independent","368",205,"Khuzdar",1988
"Khair Jan(Retired)","IJI","167",205,"Khuzdar",1988
"Ghulam Akbar Lasi","IJI","17423",206,"Lasbela Gawadar",1988
"Sher Jan","PNP","16756",206,"Lasbela Gawadar",1988
"Abdul Rahim Zafar","Independent","10145",206,"Lasbela Gawadar",1988
"MuhammadAkhtar","BNA","8334",206,"Lasbela Gawadar",1988
"Karim Bakhsh(Retired)","Independent","605",206,"Lasbela Gawadar",1988
"AmanullahGhichki","Independent","569",206,"Lasbela Gawadar",1988
"Nabi Bsksh","Independent","415",206,"Lasbela Gawadar",1988
"Manzoor Ahmad","BNA","16094",207,"Turbat cum Panjgur",1988
"Mir GhousBakhsh Bizanjo","PNP","12083",207,"Turbat cum Panjgur",1988
"AmanullahGhichki","PPP","8580",207,"Turbat cum Panjgur",1988
"Mir MuhammadAli Rind","IJI","6022",207,"Turbat cum Panjgur",1988
"Mir RasoolBux Durzada","Independent","1262",207,"Turbat cum Panjgur",1988
"WajaMuhammad Hussain (Retired )","Independent","179",207,"Turbat cum Panjgur",1988
